// Generated by tools/generate_frame_assets.py. Do not edit by hand.
#include <Arduino.h>

#include "generated/frame_assets.h"

namespace inkdash::assets {

const uint8_t kCodexQuotaBlackRle[] PROGMEM = {
    0xFF, 0xFF, 0xFF, 0xFF, 0xFF, 0xFF, 0xFF, 0xFF, 0xFF, 0xFF, 0xFF, 0xFF, 0xFF, 0xFF, 0xFF, 0xFF,
    0xFF, 0xFF, 0x7A, 0xFF, 0x01, 0xF9, 0x04, 0xFF, 0x01, 0x3F, 0x5E, 0xFF, 0x01, 0xF1, 0x01, 0xE0,
    0x01, 0x00, 0x01, 0x7F, 0x01, 0xFC, 0x01, 0x3F, 0x51, 0xFF, 0x01, 0xFE, 0x01, 0x03, 0x01, 0xFF,
    0x01, 0x03, 0x01, 0xFF, 0x01, 0x80, 0x01, 0x7F, 0x01, 0xFC, 0x01, 0x00, 0x01, 0x70, 0x01, 0x7F,
    0x01, 0x87, 0x01, 0xFF, 0x01, 0xE0, 0x01, 0xF0, 0x01, 0x00, 0x01, 0x7F, 0x01, 0xFC, 0x01, 0x1F,
    0x51, 0xFF, 0x01, 0xF0, 0x01, 0x01, 0x01, 0xFC, 0x01, 0x00, 0x01, 0xFF, 0x01, 0x80, 0x01, 0x07,
    0x01, 0xF8, 0x01, 0x00, 0x01, 0x30, 0x01, 0x3F, 0x01, 0x03, 0x01, 0xFE, 0x03, 0x00, 0x01, 0x70,
    0x02, 0x00, 0x01, 0x0F, 0x50, 0xFF, 0x01, 0xE0, 0x01, 0x01, 0x01, 0xF8, 0x01, 0x00, 0x01, 0x3F,
    0x01, 0x80, 0x01, 0x01, 0x01, 0xF8, 0x01, 0x00, 0x01, 0x38, 0x01, 0x3F, 0x01, 0x07, 0x01, 0xFE,
    0x03, 0x00, 0x01, 0x70, 0x02, 0x00, 0x01, 0x0F, 0x50, 0xFF, 0x01, 0xC0, 0x01, 0x01, 0x01, 0xF0,
    0x01, 0x00, 0x01, 0x1F, 0x01, 0x80, 0x01, 0x00, 0x01, 0xF8, 0x01, 0x00, 0x01, 0x38, 0x01, 0x1F,
    0x01, 0x0F, 0x01, 0xFE, 0x01, 0x0F, 0x01, 0x0E, 0x01, 0x1F, 0x01, 0xF0, 0x02, 0x00, 0x01, 0x0F,
    0x50, 0xFF, 0x01, 0x80, 0x01, 0xF9, 0x01, 0xC0, 0x01, 0x7C, 0x01, 0x1F, 0x01, 0x87, 0x01, 0x80,
    0x01, 0x78, 0x01, 0x3F, 0x01, 0xFE, 0x01, 0x1E, 0x01, 0x0F, 0x01, 0xFE, 0x01, 0x03, 0x01, 0x0F,
    0x01, 0x1F, 0x01, 0xF1, 0x01, 0xC3, 0x01, 0xF0, 0x51, 0xFF, 0x01, 0x83, 0x01, 0xFF, 0x01, 0xC0,
    0x01, 0xFC, 0x01, 0x0F, 0x01, 0x87, 0x01, 0xF0, 0x01, 0x38, 0x01, 0x3F, 0x01, 0xFE, 0x01, 0x0E,
    0x01, 0x1F, 0x01, 0xFF, 0x01, 0xC0, 0x01, 0x10, 0x01, 0x00, 0x01, 0xF0, 0x02, 0x00, 0x01, 0x1F,
    0x50, 0xFF, 0x01, 0x07, 0x01, 0xFF, 0x01, 0x81, 0x01, 0xFF, 0x01, 0x0F, 0x01, 0x87, 0x01, 0xF8,
    0x01, 0x38, 0x01, 0x3F, 0x01, 0xFF, 0x01, 0x0C, 0x01, 0x1F, 0x01, 0xFF, 0x01, 0xC0, 0x01, 0x10,
    0x01, 0x00, 0x01, 0xF0, 0x02, 0x00, 0x01, 0x0F, 0x4F, 0xFF, 0x01, 0xFE, 0x01, 0x07, 0x01, 0xFF,
    0x01, 0xC3, 0x01, 0xFF, 0x01, 0x07, 0x01, 0x87, 0x01, 0xF8, 0x01, 0x38, 0x01, 0x3F, 0x01, 0xFF,
    0x01, 0x04, 0x01, 0x3F, 0x01, 0xFF, 0x01, 0x80, 0x01, 0x10, 0x01, 0x00, 0x01, 0xF0, 0x02, 0x00,
    0x01, 0x0F, 0x50, 0xFF, 0x01, 0x0F, 0x01, 0xFF, 0x01, 0x83, 0x01, 0xFF, 0x01, 0x07, 0x01, 0x87,
    0x01, 0xFC, 0x01, 0x38, 0x01, 0x3F, 0x01, 0xFF, 0x01, 0x00, 0x01, 0x7F, 0x01, 0xFE, 0x01, 0x0C,
    0x01, 0x31, 0x01, 0xF8, 0x01, 0xF1, 0x01, 0xE3, 0x01, 0xF8, 0x50, 0xFF, 0x01, 0xFE, 0x01, 0x0F,
    0x01, 0xFF, 0x01, 0x83, 0x01, 0xFF, 0x01, 0x07, 0x01, 0x87, 0x01, 0xF8, 0x01, 0x18, 0x01, 0x00,
    0x01, 0x7F, 0x01, 0xC0, 0x01, 0x7F, 0x01, 0xFF, 0x01, 0x00, 0x01, 0x31, 0x01, 0x88, 0x01, 0xF1,
    0x01, 0xE3, 0x01, 0xF8, 0x50, 0xFF, 0x01, 0xFE, 0x01, 0x0F, 0x01, 0xFF, 0x01, 0x83, 0x01, 0xFF,
    0x02, 0x87, 0x01, 0xF8, 0x01, 0x18, 0x01, 0x00, 0x01, 0x7F, 0x01, 0xC0, 0x02, 0xFF, 0x01, 0xA0,
    0x01, 0x71, 0x01, 0x88, 0x01, 0xF1, 0x01, 0xE0, 0x01, 0x00, 0x50, 0xFF, 0x01, 0xFE, 0x01, 0x0F,
    0x01, 0xFF, 0x01, 0x83, 0x01, 0xFF, 0x02, 0x87, 0x01, 0xF8, 0x01, 0x18, 0x01, 0x00, 0x01, 0x7F,
    0x01, 0xC0, 0x01, 0x7F, 0x01, 0xFF, 0x01, 0xE0, 0x01, 0x71, 0x01, 0x88, 0x01, 0xF1, 0x01, 0xE0,
    0x01, 0x00, 0x50, 0xFF, 0x01, 0xFE, 0x01, 0x0F, 0x01, 0xFF, 0x01, 0x83, 0x01, 0xFF, 0x01, 0x07,
    0x01, 0x87, 0x01, 0xFC, 0x01, 0x38, 0x01, 0x00, 0x01, 0x7F, 0x01, 0x80, 0x01, 0x7F, 0x01, 0xFF,
    0x01, 0x80, 0x01, 0x01, 0x01, 0x88, 0x01, 0xF1, 0x01, 0xC0, 0x01, 0x00, 0x51, 0xFF, 0x01, 0x0F,
    0x01, 0xFF, 0x01, 0x83, 0x01, 0xFF, 0x01, 0x07, 0x01, 0x87, 0x01, 0xFC, 0x01, 0x38, 0x01, 0x3F,
    0x01, 0xFF, 0x01, 0x80, 0x01, 0x3F, 0x01, 0xFE, 0x01, 0x02, 0x01, 0x01, 0x01, 0x88, 0x01, 0xF1,
    0x53, 0xFF, 0x01, 0x07, 0x01, 0xFF, 0x01, 0xC3, 0x01, 0xFE, 0x01, 0x07, 0x01, 0x87, 0x01, 0xF8,
    0x01, 0x38, 0x01, 0x3F, 0x01, 0xFE, 0x01, 0x0C, 0x01, 0x3F, 0x01, 0xFF, 0x01, 0x0F, 0x01, 0x01,
    0x01, 0x88, 0x01, 0xF1, 0x02, 0x00, 0x01, 0x7F, 0x50, 0xFF, 0x01, 0x07, 0x01, 0xFF, 0x01, 0x81,
    0x01, 0xFE, 0x01, 0x0F, 0x01, 0x87, 0x01, 0xF0, 0x01, 0x78, 0x01, 0x3F, 0x01, 0xFE, 0x01, 0x0C,
    0x01, 0x1F, 0x01, 0xFE, 0x01, 0x00, 0x01, 0x11, 0x01, 0x88, 0x01, 0xF1, 0x02, 0x00, 0x01, 0x7F,
    0x50, 0xFF, 0x01, 0x81, 0x01, 0xFD, 0x01, 0xE0, 0x01, 0xFC, 0x01, 0x0F, 0x01, 0x87, 0x01, 0xC0,
    0x01, 0x78, 0x01, 0x3F, 0x01, 0xFE, 0x01, 0x1E, 0x01, 0x0F, 0x01, 0xFF, 0x01, 0x00, 0x01, 0x11,
    0x01, 0x08, 0x01, 0xE1, 0x02, 0x00, 0x01, 0x7F, 0x50, 0xFF, 0x01, 0x80, 0x01, 0x01, 0x01, 0xE0,
    0x01, 0x00, 0x01, 0x1F, 0x01, 0x80, 0x01, 0x00, 0x01, 0xF8, 0x01, 0x00, 0x01, 0x38, 0x01, 0x1E,
    0x01, 0x0F, 0x01, 0xFF, 0x01, 0x00, 0x01, 0x10, 0x01, 0x08, 0x01, 0xE1, 0x01, 0xC3, 0x01, 0xF8,
    0x01, 0x7F, 0x50, 0xFF, 0x01, 0x80, 0x01, 0x01, 0x01, 0xE0, 0x01, 0x00, 0x01, 0x3F, 0x01, 0x80,
    0x01, 0x01, 0x01, 0xF8, 0x01, 0x00, 0x01, 0x38, 0x01, 0x3E, 0x01, 0x07, 0x01, 0xFF, 0x01, 0x0F,
    0x01, 0x11, 0x01, 0x00, 0x01, 0xE1, 0x02, 0xE0, 0x51, 0xFF, 0x01, 0xE0, 0x01, 0x01, 0x01, 0xF0,
    0x01, 0x00, 0x01, 0x7F, 0x01, 0x80, 0x01, 0x03, 0x01, 0xF8, 0x01, 0x00, 0x01, 0x38, 0x01, 0x3F,
    0x01, 0x07, 0x01, 0xFF, 0x01, 0x0F, 0x01, 0x1C, 0x01, 0x03, 0x01, 0xE3, 0x01, 0xF0, 0x01, 0x01,
    0x51, 0xFF, 0x01, 0xF0, 0x01, 0x01, 0x01, 0xFC, 0x01, 0x01, 0x01, 0xFF, 0x01, 0x80, 0x01, 0x0F,
    0x01, 0xF8, 0x01, 0x00, 0x01, 0x30, 0x01, 0x7F, 0x01, 0x03, 0x01, 0xFF, 0x01, 0x00, 0x01, 0x1C,
    0x01, 0x00, 0x01, 0xE3, 0x01, 0xF8, 0x01, 0x03, 0x52, 0xFF, 0x01, 0x3F, 0x01, 0xFF, 0x01, 0xCF,
    0x09, 0xFF, 0x02, 0x00, 0x01, 0x70, 0x01, 0x02, 0x02, 0x00, 0x01, 0x0F, 0x5D, 0xFF, 0x02, 0x00,
    0x01, 0xF8, 0x01, 0x02, 0x02, 0x00, 0x01, 0x0F, 0x5D, 0xFF, 0x01, 0x0F, 0x01, 0x11, 0x01, 0xF8,
    0x01, 0xE6, 0x01, 0x03, 0x01, 0xF0, 0x01, 0x1F, 0x5E, 0xFF, 0x01, 0xF7, 0x01, 0xFF, 0x01, 0xFE,
    0x01, 0x3F, 0x01, 0xFF, 0x01, 0xBF, 0xFF, 0xFF, 0xFF, 0xFF, 0xFF, 0xFF, 0xFF, 0xFF, 0xFF, 0xFF,
    0xFF, 0xFF, 0xFF, 0xFF, 0xBF, 0xFF, 0xFF, 0x00, 0x91, 0x00, 0xFF, 0xFF, 0xFF, 0xFF, 0xFF, 0xFF,
    0xFF, 0xFF, 0xFF, 0xFF, 0xFF, 0xFF, 0xFF, 0xFF, 0xFF, 0xFF, 0xDA, 0xFF, 0x01, 0xFC, 0x01, 0x3F,
    0x13, 0xFF, 0x01, 0xFC, 0x01, 0x7F, 0x17, 0xFF, 0x01, 0xFE, 0x01, 0x7F, 0x03, 0xFF, 0x01, 0xF9,
    0x01, 0xFE, 0x01, 0x3F, 0x2E, 0xFF, 0x01, 0xFC, 0x01, 0x3F, 0x13, 0xFF, 0x01, 0xFC, 0x01, 0x7F,
    0x17, 0xFF, 0x01, 0xFE, 0x01, 0x7F, 0x01, 0xC0, 0x01, 0x01, 0x01, 0x80, 0x01, 0x39, 0x01, 0xFC,
    0x01, 0x1F, 0x2E, 0xFF, 0x01, 0xFC, 0x01, 0x3F, 0x13, 0xFF, 0x01, 0xFC, 0x01, 0x7F, 0x17, 0xFF,
    0x01, 0xFE, 0x01, 0x7F, 0x01, 0xCE, 0x01, 0x39, 0x01, 0xF9, 0x01, 0xE1, 0x01, 0xF0, 0x01, 0x0F,
    0x2E, 0xFF, 0x01, 0xFC, 0x01, 0x3F, 0x13, 0xFF, 0x01, 0xFC, 0x01, 0x7F, 0x17, 0xFF, 0x01, 0x80,
    0x01, 0x01, 0x01, 0xCE, 0x01, 0x39, 0x01, 0x80, 0x01, 0x01, 0x01, 0xF1, 0x01, 0x87, 0x2E, 0xFF,
    0x01, 0xFC, 0x01, 0x3F, 0x13, 0xFF, 0x01, 0xFC, 0x01, 0x7F, 0x17, 0xFF, 0x01, 0xFC, 0x01, 0x3F,
    0x01, 0xC8, 0x01, 0x01, 0x01, 0xF9, 0x01, 0xE1, 0x01, 0x83, 0x01, 0xE1, 0x2E, 0xFF, 0x01, 0xFC,
    0x01, 0x3F, 0x13, 0xFF, 0x01, 0xFC, 0x01, 0x7F, 0x17, 0xFF, 0x01, 0xFC, 0x01, 0x1F, 0x01, 0xCE,
    0x01, 0x39, 0x01, 0xE0, 0x01, 0x01, 0x01, 0x80, 0x01, 0x00, 0x2E, 0xFF, 0x01, 0xFC, 0x01, 0x3F,
    0x13, 0xFF, 0x01, 0xFC, 0x01, 0x7F, 0x17, 0xFF, 0x01, 0xF0, 0x01, 0x1F, 0x01, 0xCE, 0x01, 0x39,
    0x01, 0x80, 0x01, 0x21, 0x01, 0xFE, 0x01, 0x3F, 0x2E, 0xFF, 0x01, 0xFC, 0x01, 0x3F, 0x13, 0xFF,
    0x01, 0xFC, 0x01, 0x7F, 0x17, 0xFF, 0x01, 0xF0, 0x01, 0x4F, 0x01, 0xC0, 0x01, 0x01, 0x01, 0xE0,
    0x01, 0x61, 0x01, 0xFE, 0x01, 0x3F, 0x2E, 0xFF, 0x01, 0xFC, 0x01, 0x3F, 0x13, 0xFF, 0x01, 0xFC,
    0x01, 0x7F, 0x17, 0xFF, 0x01, 0xE2, 0x01, 0x67, 0x01, 0xCF, 0x01, 0xF9, 0x01, 0x80, 0x01, 0x41,
    0x01, 0xFE, 0x01, 0x3F, 0x2E, 0xFF, 0x01, 0xFC, 0x01, 0x3F, 0x13, 0xFF, 0x01, 0xFC, 0x01, 0x7F,
    0x17, 0xFF, 0x01, 0xC6, 0x01, 0x63, 0x01, 0xC8, 0x01, 0x09, 0x01, 0xE0, 0x01, 0x01, 0x01, 0x80,
    0x01, 0x01, 0x2E, 0xFF, 0x01, 0xFC, 0x01, 0x3F, 0x13, 0xFF, 0x01, 0xFC, 0x01, 0x7F, 0x17, 0xFF,
    0x01, 0x8E, 0x01, 0x79, 0x01, 0xC9, 0x01, 0x89, 0x01, 0xF1, 0x01, 0xE1, 0x01, 0xFE, 0x01, 0x3F,
    0x2E, 0xFF, 0x01, 0xFC, 0x01, 0x3F, 0x13, 0xFF, 0x01, 0xFC, 0x01, 0x7F, 0x17, 0xFF, 0x01, 0x80,
    0x01, 0x0C, 0x02, 0x89, 0x01, 0xC0, 0x01, 0x61, 0x01, 0xE6, 0x01, 0x07, 0x2E, 0xFF, 0x01, 0xFC,
    0x01, 0x3F, 0x13, 0xFF, 0x01, 0xFC, 0x01, 0x7F, 0x17, 0xFF, 0x01, 0xFE, 0x01, 0x7F, 0x01, 0x98,
    0x01, 0x09, 0x01, 0x89, 0x01, 0x21, 0x01, 0xC2, 0x01, 0x03, 0x2E, 0xFF, 0x01, 0xFC, 0x01, 0x3F,
    0x07, 0xFF, 0x01, 0xFD, 0x01, 0xFC, 0x01, 0x00, 0x09, 0xFF, 0x01, 0xFC, 0x01, 0x7F, 0x03, 0xFF,
    0x01, 0x9F, 0x01, 0xC0, 0x01, 0x0F, 0x11, 0xFF, 0x01, 0xFE, 0x01, 0x7F, 0x01, 0x19, 0x01, 0xF9,
    0x01, 0x19, 0x01, 0x39, 0x01, 0xCE, 0x01, 0x39, 0x2E, 0xFF, 0x01, 0xFC, 0x01, 0x3F, 0x06, 0xFF,
    0x01, 0xFE, 0x01, 0x09, 0x01, 0xFC, 0x01, 0xF8, 0x09, 0xFF, 0x01, 0xFC, 0x01, 0x7F, 0x02, 0xFF,
    0x01, 0xFE, 0x01, 0x0F, 0x01, 0xCF, 0x01, 0x8F, 0x11, 0xFF, 0x01, 0xFE, 0x01, 0x7F, 0x01, 0x1F,
    0x01, 0xF1, 0x01, 0xB9, 0x01, 0xF9, 0x01, 0x9E, 0x01, 0x38, 0x2E, 0xFF, 0x01, 0xFC, 0x01, 0x3F,
    0x06, 0xFF, 0x01, 0xFE, 0x01, 0x20, 0x01, 0x0C, 0x01, 0xF8, 0x09, 0xFF, 0x01, 0xFC, 0x01, 0x7F,
    0x02, 0xFF, 0x01, 0xFE, 0x01, 0x47, 0x01, 0xCF, 0x01, 0x8F, 0x11, 0xFF, 0x01, 0xFE, 0x01, 0x7F,
    0x01, 0xFF, 0x01, 0xC3, 0x01, 0xF9, 0x01, 0xE1, 0x01, 0xF0, 0x01, 0x7F, 0x2E, 0xFF, 0x01, 0xFC,
    0x01, 0x3F, 0x06, 0xFF, 0x01, 0xFE, 0x01, 0x20, 0x01, 0xFC, 0x01, 0xF8, 0x09, 0xFF, 0x01, 0xFC,
    0x01, 0x7F, 0x02, 0xFF, 0x01, 0xF8, 0x01, 0xE3, 0x01, 0xCF, 0x01, 0x8F, 0x47, 0xFF, 0x01, 0xFC,
    0x01, 0x3F, 0x06, 0xFF, 0x01, 0xFE, 0x01, 0x24, 0x01, 0xFC, 0x01, 0xF8, 0x09, 0xFF, 0x01, 0xFC,
    0x01, 0x7F, 0x02, 0xFF, 0x01, 0xF9, 0x01, 0xB9, 0x01, 0xCF, 0x01, 0x8F, 0x47, 0xFF, 0x01, 0xFC,
    0x01, 0x3F, 0x06, 0xFF, 0x01, 0xFE, 0x02, 0x0C, 0x01, 0x00, 0x09, 0xFF, 0x01, 0xFC, 0x01, 0x7F,
    0x02, 0xFF, 0x01, 0xF7, 0x01, 0x1C, 0x01, 0xC0, 0x01, 0x0F, 0x47, 0xFF, 0x01, 0xFC, 0x01, 0x3F,
    0x06, 0xFF, 0x01, 0xFE, 0x01, 0x2C, 0x01, 0xFC, 0x01, 0xF8, 0x09, 0xFF, 0x01, 0xFC, 0x01, 0x7F,
    0x03, 0xFF, 0x01, 0x9F, 0x01, 0xCF, 0x01, 0x8F, 0x47, 0xFF, 0x01, 0xFC, 0x01, 0x3F, 0x06, 0xFF,
    0x01, 0xFE, 0x01, 0x2C, 0x01, 0xFC, 0x01, 0xF8, 0x09, 0xFF, 0x01, 0xFC, 0x01, 0x7F, 0x02, 0xFF,
    0x01, 0xF0, 0x01, 0x03, 0x01, 0xCF, 0x01, 0x8F, 0x47, 0xFF, 0x01, 0xFC, 0x01, 0x3F, 0x06, 0xFF,
    0x01, 0xFE, 0x01, 0x2C, 0x01, 0x0C, 0x01, 0xF8, 0x09, 0xFF, 0x01, 0xFC, 0x01, 0x7F, 0x03, 0xFF,
    0x01, 0xF3, 0x01, 0xCF, 0x01, 0x8F, 0x47, 0xFF, 0x01, 0xFC, 0x01, 0x3F, 0x06, 0xFF, 0x01, 0xFE,
    0x01, 0x0C, 0x01, 0xFC, 0x01, 0xF8, 0x09, 0xFF, 0x01, 0xFC, 0x01, 0x7F, 0x03, 0xFF, 0x01, 0xE7,
    0x01, 0xCF, 0x01, 0x8F, 0x47, 0xFF, 0x01, 0xFC, 0x01, 0x3F, 0x06, 0xFF, 0x01, 0xFE, 0x01, 0x2C,
    0x01, 0xFC, 0x01, 0x00, 0x09, 0xFF, 0x01, 0xFC, 0x01, 0x7F, 0x03, 0xFF, 0x01, 0xCF, 0x01, 0xC0,
    0x01, 0x0F, 0x47, 0xFF, 0x01, 0xFC, 0x01, 0x3F, 0x07, 0xFF, 0x02, 0xFC, 0x01, 0xF8, 0x09, 0xFF,
    0x01, 0xFC, 0x01, 0x7F, 0x03, 0xFF, 0x01, 0x9F, 0x01, 0xCF, 0x01, 0x8F, 0x47, 0xFF, 0x01, 0xFC,
    0x01, 0x3F, 0x13, 0xFF, 0x01, 0xFC, 0x01, 0x7F, 0x4D, 0xFF, 0x01, 0xFC, 0x01, 0x3F, 0x13, 0xFF,
    0x01, 0xFC, 0x01, 0x7F, 0x4D, 0xFF, 0x01, 0xFC, 0x01, 0x3F, 0x13, 0xFF, 0x01, 0xFC, 0x01, 0x7F,
    0x4D, 0xFF, 0x01, 0xFC, 0x01, 0x3F, 0x13, 0xFF, 0x01, 0xFC, 0x01, 0x7F, 0x4D, 0xFF, 0x01, 0xFC,
    0x01, 0x3F, 0x13, 0xFF, 0x01, 0xFC, 0x01, 0x7F, 0x4D, 0xFF, 0x01, 0xFC, 0x01, 0x3F, 0x13, 0xFF,
    0x01, 0xFC, 0x01, 0x7F, 0x4D, 0xFF, 0x01, 0xFC, 0x01, 0x3F, 0x13, 0xFF, 0x01, 0xFC, 0x01, 0x7F,
    0x4D, 0xFF, 0x01, 0xFC, 0x01, 0x3F, 0x13, 0xFF, 0x01, 0xFC, 0x01, 0x7F, 0x4D, 0xFF, 0x01, 0xFC,
    0x01, 0x3F, 0x13, 0xFF, 0x01, 0xFC, 0x01, 0x7F, 0x4D, 0xFF, 0x01, 0xFC, 0x01, 0x3F, 0x13, 0xFF,
    0x01, 0xFC, 0x01, 0x7F, 0x4D, 0xFF, 0x01, 0xFC, 0x01, 0x3F, 0x13, 0xFF, 0x01, 0xFC, 0x01, 0x7F,
    0x4D, 0xFF, 0x01, 0xFC, 0x01, 0x3F, 0x13, 0xFF, 0x01, 0xFC, 0x01, 0x7F, 0x4D, 0xFF, 0x01, 0xFC,
    0x01, 0x3F, 0x13, 0xFF, 0x01, 0xFC, 0x01, 0x7F, 0x4D, 0xFF, 0x01, 0xFC, 0x01, 0x3F, 0x13, 0xFF,
    0x01, 0xFC, 0x01, 0x7F, 0x4D, 0xFF, 0x01, 0xFC, 0x01, 0x3F, 0x13, 0xFF, 0x01, 0xFC, 0x01, 0x7F,
    0x4D, 0xFF, 0x01, 0xFC, 0x01, 0x3F, 0x13, 0xFF, 0x01, 0xFC, 0x01, 0x7F, 0x4D, 0xFF, 0x01, 0xFC,
    0x01, 0x3F, 0x13, 0xFF, 0x01, 0xFC, 0x01, 0x7F, 0x4D, 0xFF, 0x01, 0xFC, 0x01, 0x3F, 0x13, 0xFF,
    0x01, 0xFC, 0x01, 0x7F, 0x4D, 0xFF, 0x01, 0xFC, 0x01, 0x3F, 0x13, 0xFF, 0x01, 0xFC, 0x01, 0x7F,
    0x4D, 0xFF, 0x01, 0xFC, 0x01, 0x3F, 0x13, 0xFF, 0x01, 0xFC, 0x01, 0x7F, 0x4D, 0xFF, 0x01, 0xFC,
    0x01, 0x3F, 0x13, 0xFF, 0x01, 0xFC, 0x01, 0x7F, 0x4D, 0xFF, 0x01, 0xFC, 0x01, 0x3F, 0x13, 0xFF,
    0x01, 0xFC, 0x01, 0x7F, 0x4D, 0xFF, 0x01, 0xFC, 0x01, 0x3F, 0x13, 0xFF, 0x01, 0xFC, 0x01, 0x7F,
    0x4D, 0xFF, 0x01, 0xFC, 0x01, 0x3F, 0x13, 0xFF, 0x01, 0xFC, 0x01, 0x7F, 0x4D, 0xFF, 0x01, 0xFC,
    0x01, 0x3F, 0x13, 0xFF, 0x01, 0xFC, 0x01, 0x7F, 0x4D, 0xFF, 0x01, 0xFC, 0x01, 0x3F, 0x13, 0xFF,
    0x01, 0xFC, 0x01, 0x7F, 0x4D, 0xFF, 0x01, 0xFC, 0x01, 0x3F, 0x13, 0xFF, 0x01, 0xFC, 0x01, 0x7F,
    0x4D, 0xFF, 0x01, 0xFC, 0x01, 0x3F, 0x13, 0xFF, 0x01, 0xFC, 0x01, 0x7F, 0x4D, 0xFF, 0x01, 0xFC,
    0x01, 0x3F, 0x13, 0xFF, 0x01, 0xFC, 0x01, 0x7F, 0x4D, 0xFF, 0x01, 0xFC, 0x01, 0x3F, 0x13, 0xFF,
    0x01, 0xFC, 0x01, 0x7F, 0x4D, 0xFF, 0x01, 0xFC, 0x01, 0x3F, 0x13, 0xFF, 0x01, 0xFC, 0x01, 0x7F,
    0x4D, 0xFF, 0x01, 0xFC, 0x01, 0x3F, 0x13, 0xFF, 0x01, 0xFC, 0x01, 0x7F, 0x4D, 0xFF, 0x01, 0xFC,
    0x01, 0x3F, 0x13, 0xFF, 0x01, 0xFC, 0x01, 0x7F, 0x4D, 0xFF, 0x01, 0xFC, 0x01, 0x3F, 0x13, 0xFF,
    0x01, 0xFC, 0x01, 0x7F, 0x4D, 0xFF, 0x01, 0xFC, 0x01, 0x3F, 0x13, 0xFF, 0x01, 0xFC, 0x01, 0x7F,
    0x4D, 0xFF, 0x01, 0xFC, 0x01, 0x3F, 0x13, 0xFF, 0x01, 0xFC, 0x01, 0x7F, 0x4D, 0xFF, 0x01, 0xFC,
    0x01, 0x3F, 0x13, 0xFF, 0x01, 0xFC, 0x01, 0x7F, 0x4D, 0xFF, 0x01, 0xFC, 0x01, 0x3F, 0x13, 0xFF,
    0x01, 0xFC, 0x01, 0x7F, 0x4D, 0xFF, 0x01, 0xFC, 0x01, 0x3F, 0x13, 0xFF, 0x01, 0xFC, 0x01, 0x7F,
    0x4D, 0xFF, 0x01, 0xFC, 0x01, 0x3F, 0x13, 0xFF, 0x01, 0xFC, 0x01, 0x7F, 0x4D, 0xFF, 0x01, 0xFC,
    0x01, 0x3F, 0x13, 0xFF, 0x01, 0xFC, 0x01, 0x7F, 0x4D, 0xFF, 0x01, 0xFC, 0x01, 0x3F, 0x13, 0xFF,
    0x01, 0xFC, 0x01, 0x7F, 0x4D, 0xFF, 0x01, 0xFC, 0x01, 0x3F, 0x13, 0xFF, 0x01, 0xFC, 0x01, 0x7F,
    0x4D, 0xFF, 0x01, 0xFC, 0x01, 0x3F, 0x13, 0xFF, 0x01, 0xFC, 0x01, 0x7F, 0x4D, 0xFF, 0x01, 0xFC,
    0x01, 0x3F, 0x13, 0xFF, 0x01, 0xFC, 0x01, 0x7F, 0x4D, 0xFF, 0x01, 0xFC, 0x01, 0x3F, 0x13, 0xFF,
    0x01, 0xFC, 0x01, 0x7F, 0x4D, 0xFF, 0x01, 0xFC, 0x01, 0x3F, 0x13, 0xFF, 0x01, 0xFC, 0x01, 0x7F,
    0x4D, 0xFF, 0x01, 0xFC, 0x01, 0x3F, 0x13, 0xFF, 0x01, 0xFC, 0x01, 0x7F, 0x4D, 0xFF, 0x01, 0xFC,
    0x01, 0x3F, 0x13, 0xFF, 0x01, 0xFC, 0x01, 0x7F, 0x4D, 0xFF, 0x01, 0xFC, 0x01, 0x3F, 0x13, 0xFF,
    0x01, 0xFC, 0x01, 0x7F, 0x4D, 0xFF, 0x01, 0xFC, 0x01, 0x3F, 0x13, 0xFF, 0x01, 0xFC, 0x01, 0x7F,
    0x4D, 0xFF, 0x01, 0xFC, 0x01, 0x3F, 0x13, 0xFF, 0x01, 0xFC, 0x01, 0x7F, 0x4D, 0xFF, 0x01, 0xFC,
    0x01, 0x3F, 0x13, 0xFF, 0x01, 0xFC, 0x01, 0x7F, 0x4D, 0xFF, 0x01, 0xFC, 0x01, 0x3F, 0x13, 0xFF,
    0x01, 0xFC, 0x01, 0x7F, 0x4D, 0xFF, 0x01, 0xFC, 0x01, 0x3F, 0x13, 0xFF, 0x01, 0xFC, 0x01, 0x7F,
    0x4D, 0xFF, 0x01, 0xFC, 0x01, 0x3F, 0x13, 0xFF, 0x01, 0xFC, 0x01, 0x7F, 0x4D, 0xFF, 0x01, 0xFC,
    0x01, 0x3F, 0x13, 0xFF, 0x01, 0xFC, 0x01, 0x7F, 0x4D, 0xFF, 0x01, 0xFC, 0x01, 0x3F, 0x13, 0xFF,
    0x01, 0xFC, 0x01, 0x7F, 0x4D, 0xFF, 0x01, 0xFC, 0x01, 0x3F, 0x13, 0xFF, 0x01, 0xFC, 0x01, 0x7F,
    0x4D, 0xFF, 0x01, 0xFC, 0x01, 0x3F, 0x13, 0xFF, 0x01, 0xFC, 0x01, 0x7F, 0x4D, 0xFF, 0x01, 0xFC,
    0x01, 0x3F, 0x13, 0xFF, 0x01, 0xFC, 0x01, 0x7F, 0x4D, 0xFF, 0x01, 0xFC, 0x01, 0x3F, 0x13, 0xFF,
    0x01, 0xFC, 0x01, 0x7F, 0x4D, 0xFF, 0x01, 0xFC, 0x01, 0x3F, 0x13, 0xFF, 0x01, 0xFC, 0x01, 0x7F,
    0x4D, 0xFF, 0x01, 0xFC, 0x01, 0x3F, 0x13, 0xFF, 0x01, 0xFC, 0x01, 0x7F, 0x4D, 0xFF, 0x01, 0xFC,
    0x01, 0x3F, 0x13, 0xFF, 0x01, 0xFC, 0x01, 0x7F, 0x4D, 0xFF, 0x01, 0xFC, 0x01, 0x3F, 0x13, 0xFF,
    0x01, 0xFC, 0x01, 0x7F, 0x4D, 0xFF, 0x01, 0xFC, 0x01, 0x3F, 0x13, 0xFF, 0x01, 0xFC, 0x01, 0x7F,
    0x4D, 0xFF, 0x01, 0xFC, 0x01, 0x3F, 0x13, 0xFF, 0x01, 0xFC, 0x01, 0x7F, 0x4D, 0xFF, 0x01, 0xFC,
    0x01, 0x3F, 0x13, 0xFF, 0x01, 0xFC, 0x01, 0x7F, 0x4D, 0xFF, 0x01, 0xFC, 0x01, 0x3F, 0x13, 0xFF,
    0x01, 0xFC, 0x01, 0x7F, 0x4D, 0xFF, 0x01, 0xFC, 0x01, 0x3F, 0x13, 0xFF, 0x01, 0xFC, 0x01, 0x7F,
    0x4D, 0xFF, 0x01, 0xFC, 0x01, 0x3F, 0x13, 0xFF, 0x01, 0xFC, 0x01, 0x7F, 0x4D, 0xFF, 0x01, 0xFC,
    0x01, 0x3F, 0x03, 0xFF, 0x01, 0xFC, 0x20, 0x00, 0x01, 0x3F, 0x3D, 0xFF, 0x01, 0xFC, 0x01, 0x3F,
    0x03, 0xFF, 0x01, 0xFC, 0x20, 0x00, 0x01, 0x3F, 0x3D, 0xFF, 0x01, 0xFC, 0x01, 0x3F, 0x03, 0xFF,
    0x01, 0xFC, 0x20, 0x00, 0x01, 0x3F, 0x3D, 0xFF, 0x01, 0xFC, 0x01, 0x3F, 0x03, 0xFF, 0x01, 0xFC,
    0x20, 0x00, 0x01, 0x3F, 0x3D, 0xFF, 0x01, 0xFC, 0x01, 0x3F, 0x62, 0xFF, 0x01, 0xFC, 0x01, 0x3F,
    0x62, 0xFF, 0x01, 0xFC, 0x01, 0x3F, 0x62, 0xFF, 0x01, 0xFC, 0x01, 0x3F, 0x62, 0xFF, 0x01, 0xFC,
    0x01, 0x3F, 0x62, 0xFF, 0x01, 0xFC, 0x01, 0x3F, 0x62, 0xFF, 0x01, 0xFC, 0x01, 0x3F, 0x62, 0xFF,
    0x01, 0xFC, 0x01, 0x3F, 0x62, 0xFF, 0x01, 0xFC, 0x01, 0x3F, 0x62, 0xFF, 0x01, 0xFC, 0x01, 0x3F,
    0x62, 0xFF, 0x01, 0xFC, 0x01, 0x3F, 0x62, 0xFF, 0x01, 0xFC, 0x01, 0x3F, 0x62, 0xFF, 0x01, 0xFC,
    0x01, 0x3F, 0x62, 0xFF, 0x01, 0xFC, 0x01, 0x3F, 0x62, 0xFF, 0x01, 0xFC, 0x01, 0x3F, 0x62, 0xFF,
    0x01, 0xFC, 0x01, 0x3F, 0x62, 0xFF, 0x01, 0xFC, 0x01, 0x3F, 0x62, 0xFF, 0x01, 0xFC, 0x01, 0x3F,
    0x62, 0xFF, 0x01, 0xFC, 0x01, 0x3F, 0x13, 0xFF, 0x01, 0xFC, 0x01, 0x7F, 0x4D, 0xFF, 0x01, 0xFC,
    0x01, 0x3F, 0x13, 0xFF, 0x01, 0xFC, 0x01, 0x7F, 0x4D, 0xFF, 0x01, 0xFC, 0x01, 0x3F, 0x13, 0xFF,
    0x01, 0xFC, 0x01, 0x7F, 0x4D, 0xFF, 0x01, 0xFC, 0x01, 0x3F, 0x13, 0xFF, 0x01, 0xFC, 0x01, 0x7F,
    0x4D, 0xFF, 0x01, 0xFC, 0x01, 0x3F, 0x13, 0xFF, 0x01, 0xFC, 0x01, 0x7F, 0x4D, 0xFF, 0x01, 0xFC,
    0x01, 0x3F, 0x13, 0xFF, 0x01, 0xFC, 0x01, 0x7F, 0x4D, 0xFF, 0x01, 0xFC, 0x01, 0x3F, 0x13, 0xFF,
    0x01, 0xFC, 0x01, 0x7F, 0x4D, 0xFF, 0x01, 0xFC, 0x01, 0x3F, 0x13, 0xFF, 0x01, 0xFC, 0x01, 0x7F,
    0x4D, 0xFF, 0x01, 0xFC, 0x01, 0x3F, 0x13, 0xFF, 0x01, 0xFC, 0x01, 0x7F, 0x4D, 0xFF, 0x01, 0xFC,
    0x01, 0x3F, 0x07, 0xFF, 0x01, 0xDF, 0x01, 0x87, 0x01, 0xFE, 0x01, 0x00, 0x01, 0x7F, 0x07, 0xFF,
    0x01, 0xFC, 0x01, 0x7F, 0x03, 0xFF, 0x01, 0xFC, 0x01, 0x09, 0x01, 0xDC, 0x01, 0x00, 0x01, 0xF0,
    0x01, 0x01, 0x01, 0x9F, 0x01, 0x1F, 0x42, 0xFF, 0x01, 0xFC, 0x01, 0x3F, 0x07, 0xFF, 0x01, 0x88,
    0x01, 0x3C, 0x01, 0x06, 0x01, 0x7E, 0x01, 0x7F, 0x01, 0xFF, 0x01, 0xF9, 0x05, 0xFF, 0x01, 0xFC,
    0x01, 0x7F, 0x03, 0xFF, 0x01, 0xFC, 0x01, 0xC9, 0x01, 0x8C, 0x01, 0xFC, 0x01, 0xF3, 0x01, 0x31,
    0x01, 0x8F, 0x01, 0x1F, 0x42, 0xFF, 0x01, 0xFC, 0x01, 0x3F, 0x07, 0xFF, 0x01, 0xC9, 0x01, 0xFC,
    0x01, 0x06, 0x01, 0x7E, 0x01, 0x7F, 0x01, 0x3F, 0x01, 0xF9, 0x05, 0xFF, 0x01, 0xFC, 0x01, 0x7F,
    0x03, 0xFF, 0x01, 0xFC, 0x01, 0x08, 0x01, 0x3C, 0x01, 0xFC, 0x01, 0xF0, 0x01, 0x01, 0x01, 0xEF,
    0x01, 0x1F, 0x42, 0xFF, 0x01, 0xFC, 0x01, 0x3F, 0x07, 0xFF, 0x01, 0xF9, 0x01, 0xFF, 0x01, 0xCE,
    0x01, 0x7E, 0x01, 0x7F, 0x01, 0x3F, 0x01, 0xF9, 0x05, 0xFF, 0x01, 0xFC, 0x01, 0x7F, 0x03, 0xFF,
    0x01, 0xFC, 0x01, 0x08, 0x01, 0x7C, 0x01, 0x00, 0x01, 0xF3, 0x01, 0x31, 0x01, 0xFF, 0x01, 0x1F,
    0x42, 0xFF, 0x01, 0xFC, 0x01, 0x3F, 0x07, 0xFF, 0x01, 0x08, 0x01, 0x07, 0x01, 0x8E, 0x01, 0x7E,
    0x01, 0x7C, 0x01, 0x08, 0x01, 0x39, 0x01, 0x8C, 0x01, 0x38, 0x01, 0x3F, 0x02, 0xFF, 0x01, 0xFC,
    0x01, 0x7F, 0x03, 0xFF, 0x01, 0xFC, 0x01, 0x09, 0x02, 0xFF, 0x01, 0xF0, 0x01, 0x01, 0x01, 0x88,
    0x01, 0x03, 0x42, 0xFF, 0x01, 0xFC, 0x01, 0x3F, 0x07, 0xFF, 0x01, 0xC9, 0x01, 0x9F, 0x01, 0x9E,
    0x01, 0x00, 0x01, 0x7C, 0x01, 0x08, 0x01, 0x19, 0x02, 0x18, 0x01, 0x1F, 0x02, 0xFF, 0x01, 0xFC,
    0x01, 0x7F, 0x03, 0xFF, 0x01, 0xFC, 0x03, 0x00, 0x01, 0x38, 0x01, 0xE7, 0x01, 0x8F, 0x01, 0x1F,
    0x42, 0xFF, 0x01, 0xFC, 0x01, 0x3F, 0x07, 0xFF, 0x01, 0xC9, 0x01, 0x9F, 0x01, 0x1E, 0x01, 0x7E,
    0x01, 0x7F, 0x01, 0x31, 0x01, 0x88, 0x01, 0x39, 0x01, 0x99, 0x01, 0x1F, 0x02, 0xFF, 0x01, 0xFC,
    0x01, 0x7F, 0x03, 0xFF, 0x01, 0xFC, 0x01, 0x08, 0x01, 0x7E, 0x01, 0x7F, 0x01, 0xF0, 0x01, 0x0F,
    0x01, 0x8F, 0x01, 0x1F, 0x42, 0xFF, 0x01, 0xFC, 0x01, 0x3F, 0x07, 0xFF, 0x01, 0xC9, 0x01, 0x9F,
    0x01, 0x9E, 0x01, 0x7E, 0x01, 0x7F, 0x01, 0x33, 0x01, 0xC8, 0x01, 0x78, 0x01, 0x19, 0x01, 0x9F,
    0x02, 0xFF, 0x01, 0xFC, 0x01, 0x7F, 0x03, 0xFF, 0x01, 0xFC, 0x01, 0x08, 0x01, 0x3C, 0x01, 0x00,
    0x01, 0xF8, 0x01, 0xF7, 0x01, 0x8F, 0x01, 0x1F, 0x42, 0xFF, 0x01, 0xFC, 0x01, 0x3F, 0x07, 0xFF,
    0x01, 0xC9, 0x01, 0x9F, 0x01, 0x3E, 0x01, 0x7E, 0x01, 0x7F, 0x01, 0x31, 0x01, 0x88, 0x01, 0x39,
    0x01, 0xF9, 0x01, 0x9F, 0x02, 0xFF, 0x01, 0xFC, 0x01, 0x7F, 0x03, 0xFF, 0x01, 0xFC, 0x01, 0x09,
    0x01, 0x3F, 0x01, 0xFC, 0x01, 0xF0, 0x01, 0x01, 0x01, 0x83, 0x01, 0x1F, 0x42, 0xFF, 0x01, 0xFC,
    0x01, 0x3F, 0x07, 0xFF, 0x01, 0xCB, 0x01, 0x9E, 0x01, 0x3E, 0x01, 0x7E, 0x01, 0x7F, 0x01, 0x08,
    0x01, 0x19, 0x01, 0x98, 0x01, 0x19, 0x01, 0x9F, 0x02, 0xFF, 0x01, 0xFC, 0x01, 0x7F, 0x04, 0xFF,
    0x01, 0x99, 0x01, 0xBF, 0x01, 0xFC, 0x01, 0xF9, 0x01, 0xA7, 0x01, 0x87, 0x01, 0x1F, 0x42, 0xFF,
    0x01, 0xFC, 0x01, 0x3F, 0x07, 0xFF, 0x01, 0x87, 0x01, 0xFF, 0x01, 0x3E, 0x01, 0x00, 0x01, 0x7F,
    0x01, 0x88, 0x01, 0x39, 0x01, 0x8C, 0x01, 0x19, 0x01, 0x9F, 0x02, 0xFF, 0x01, 0xFC, 0x01, 0x7F,
    0x04, 0xFF, 0x01, 0x08, 0x01, 0x1F, 0x01, 0xF8, 0x01, 0xE3, 0x01, 0xB9, 0x01, 0xCF, 0x01, 0x1F,
    0x42, 0xFF, 0x01, 0xFC, 0x01, 0x3F, 0x07, 0xFF, 0x01, 0x30, 0x01, 0x07, 0x01, 0xFE, 0x01, 0x7E,
    0x01, 0x7F, 0x07, 0xFF, 0x01, 0xFC, 0x01, 0x7F, 0x03, 0xFF, 0x01, 0xFE, 0x01, 0x60, 0x01, 0xCF,
    0x01, 0x81, 0x01, 0xEE, 0x01, 0x3C, 0x01, 0xDF, 0x01, 0x1F, 0x42, 0xFF, 0x01, 0xFC, 0x01, 0x3F,
    0x13, 0xFF, 0x01, 0xFC, 0x01, 0x7F, 0x03, 0xFF, 0x01, 0xFE, 0x01, 0xE3, 0x01, 0xEF, 0x47, 0xFF,
    0x01, 0xFC, 0x01, 0x3F, 0x13, 0xFF, 0x01, 0xFC, 0x01, 0x7F, 0x4D, 0xFF, 0x01, 0xFC, 0x01, 0x3F,
    0x13, 0xFF, 0x01, 0xFC, 0x01, 0x7F, 0x4D, 0xFF, 0x01, 0xFC, 0x01, 0x3F, 0x13, 0xFF, 0x01, 0xFC,
    0x01, 0x7F, 0x4D, 0xFF, 0x01, 0xFC, 0x01, 0x3F, 0x13, 0xFF, 0x01, 0xFC, 0x01, 0x7F, 0x4D, 0xFF,
    0x01, 0xFC, 0x01, 0x3F, 0x13, 0xFF, 0x01, 0xFC, 0x01, 0x7F, 0x4D, 0xFF, 0x01, 0xFC, 0x01, 0x3F,
    0x13, 0xFF, 0x01, 0xFC, 0x01, 0x7F, 0x4D, 0xFF, 0x01, 0xFC, 0x01, 0x3F, 0x13, 0xFF, 0x01, 0xFC,
    0x01, 0x7F, 0x4D, 0xFF, 0x01, 0xFC, 0x01, 0x3F, 0x13, 0xFF, 0x01, 0xFC, 0x01, 0x7F, 0x4D, 0xFF,
    0x01, 0xFC, 0x01, 0x3F, 0x13, 0xFF, 0x01, 0xFC, 0x01, 0x7F, 0x4D, 0xFF, 0x01, 0xFC, 0x01, 0x3F,
    0x13, 0xFF, 0x01, 0xFC, 0x01, 0x7F, 0x4D, 0xFF, 0x01, 0xFC, 0x01, 0x3F, 0x13, 0xFF, 0x01, 0xFC,
    0x01, 0x7F, 0x4D, 0xFF, 0x01, 0xFC, 0x01, 0x3F, 0x13, 0xFF, 0x01, 0xFC, 0x01, 0x7F, 0x4D, 0xFF,
    0x01, 0xFC, 0x01, 0x3F, 0x13, 0xFF, 0x01, 0xFC, 0x01, 0x7F, 0x4D, 0xFF, 0x01, 0xFC, 0x01, 0x3F,
    0x13, 0xFF, 0x01, 0xFC, 0x01, 0x7F, 0x4D, 0xFF, 0x01, 0xFC, 0x01, 0x3F, 0x13, 0xFF, 0x01, 0xFC,
    0x01, 0x7F, 0x4D, 0xFF, 0x01, 0xFC, 0x01, 0x3F, 0x13, 0xFF, 0x01, 0xFC, 0x01, 0x7F, 0x4D, 0xFF,
    0x01, 0xFC, 0x01, 0x3F, 0x13, 0xFF, 0x01, 0xFC, 0x01, 0x7F, 0x4D, 0xFF, 0x01, 0xFC, 0x01, 0x3F,
    0x13, 0xFF, 0x01, 0xFC, 0x01, 0x7F, 0x4D, 0xFF, 0x01, 0xFC, 0x01, 0x3F, 0x13, 0xFF, 0x01, 0xFC,
    0x01, 0x7F, 0x4D, 0xFF, 0x01, 0xFC, 0x01, 0x3F, 0x13, 0xFF, 0x01, 0xFC, 0x01, 0x7F, 0x4D, 0xFF,
    0x01, 0xFC, 0x01, 0x3F, 0x13, 0xFF, 0x01, 0xFC, 0x01, 0x7F, 0x4D, 0xFF, 0x01, 0xFC, 0x01, 0x3F,
    0x13, 0xFF, 0x01, 0xFC, 0x01, 0x7F, 0x4D, 0xFF, 0x01, 0xFC, 0x01, 0x3F, 0x13, 0xFF, 0x01, 0xFC,
    0x01, 0x7F, 0x4D, 0xFF, 0x01, 0xFC, 0x01, 0x3F, 0x13, 0xFF, 0x01, 0xFC, 0x01, 0x7F, 0x4D, 0xFF,
    0x01, 0xFC, 0x01, 0x3F, 0x13, 0xFF, 0x01, 0xFC, 0x01, 0x7F, 0x4D, 0xFF, 0x01, 0xFC, 0x01, 0x3F,
    0x13, 0xFF, 0x01, 0xFC, 0x01, 0x7F, 0x4D, 0xFF, 0x01, 0xFC, 0x01, 0x3F, 0x13, 0xFF, 0x01, 0xFC,
    0x01, 0x7F, 0x4D, 0xFF, 0x01, 0xFC, 0x01, 0x3F, 0x13, 0xFF, 0x01, 0xFC, 0x01, 0x7F, 0x4D, 0xFF,
    0x01, 0xFC, 0x01, 0x3F, 0x13, 0xFF, 0x01, 0xFC, 0x01, 0x7F, 0x4D, 0xFF, 0x01, 0xFC, 0x01, 0x3F,
    0x13, 0xFF, 0x01, 0xFC, 0x01, 0x7F, 0x4D, 0xFF, 0x01, 0xFC, 0x01, 0x3F, 0x13, 0xFF, 0x01, 0xFC,
    0x01, 0x7F, 0x4D, 0xFF, 0x01, 0xFC, 0x01, 0x3F, 0x13, 0xFF, 0x01, 0xFC, 0x01, 0x7F, 0x4D, 0xFF,
    0x01, 0xFC, 0x01, 0x3F, 0x13, 0xFF, 0x01, 0xFC, 0x01, 0x7F, 0x4D, 0xFF, 0x01, 0xFC, 0x01, 0x3F,
    0x13, 0xFF, 0x01, 0xFC, 0x01, 0x7F, 0x4D, 0xFF, 0x01, 0xFC, 0x01, 0x3F, 0x13, 0xFF, 0x01, 0xFC,
    0x01, 0x7F, 0x4D, 0xFF, 0x01, 0xFC, 0x01, 0x3F, 0x13, 0xFF, 0x01, 0xFC, 0x01, 0x7F, 0x4D, 0xFF,
    0x01, 0xFC, 0x01, 0x3F, 0x13, 0xFF, 0x01, 0xFC, 0x01, 0x7F, 0x4D, 0xFF, 0x01, 0xFC, 0x01, 0x3F,
    0x13, 0xFF, 0x01, 0xFC, 0x01, 0x7F, 0x4D, 0xFF, 0x01, 0xFC, 0x01, 0x3F, 0x13, 0xFF, 0x01, 0xFC,
    0x01, 0x7F, 0x4D, 0xFF, 0x01, 0xFC, 0x01, 0x3F, 0x13, 0xFF, 0x01, 0xFC, 0x01, 0x7F, 0x4D, 0xFF,
    0x01, 0xFC, 0x01, 0x3F, 0x13, 0xFF, 0x01, 0xFC, 0x01, 0x7F, 0x4D, 0xFF, 0x01, 0xFC, 0x01, 0x3F,
    0x13, 0xFF, 0x01, 0xFC, 0x01, 0x7F, 0x4D, 0xFF, 0x01, 0xFC, 0x01, 0x3F, 0x13, 0xFF, 0x01, 0xFC,
    0x01, 0x7F, 0x4D, 0xFF, 0x01, 0xFC, 0x01, 0x3F, 0x13, 0xFF, 0x01, 0xFC, 0x01, 0x7F, 0x4D, 0xFF,
    0x01, 0xFC, 0x01, 0x3F, 0x13, 0xFF, 0x01, 0xFC, 0x01, 0x7F, 0x4D, 0xFF, 0x01, 0xFC, 0x01, 0x3F,
    0x13, 0xFF, 0x01, 0xFC, 0x01, 0x7F, 0x4D, 0xFF, 0x01, 0xFC, 0x01, 0x3F, 0x13, 0xFF, 0x01, 0xFC,
    0x01, 0x7F, 0x4D, 0xFF, 0x01, 0xFC, 0x01, 0x3F, 0x13, 0xFF, 0x01, 0xFC, 0x01, 0x7F, 0x4D, 0xFF,
    0x01, 0xFC, 0x01, 0x3F, 0x13, 0xFF, 0x01, 0xFC, 0x01, 0x7F, 0x4D, 0xFF, 0x01, 0xFC, 0x01, 0x3F,
    0x13, 0xFF, 0x01, 0xFC, 0x01, 0x7F, 0x4D, 0xFF, 0x01, 0xFC, 0x01, 0x3F, 0x13, 0xFF, 0x01, 0xFC,
    0x01, 0x7F, 0x4D, 0xFF, 0x01, 0xFC, 0x01, 0x3F, 0x13, 0xFF, 0x01, 0xFC, 0x01, 0x7F, 0x4D, 0xFF,
    0x01, 0xFC, 0x01, 0x3F, 0x13, 0xFF, 0x01, 0xFC, 0x01, 0x7F, 0x4D, 0xFF, 0x01, 0xFC, 0x01, 0x3F,
    0x13, 0xFF, 0x01, 0xFC, 0x01, 0x7F, 0x4D, 0xFF, 0x01, 0xFC, 0x01, 0x3F, 0x62, 0xFF, 0x01, 0xFC,
    0x01, 0x3F, 0x62, 0xFF, 0x01, 0xFC, 0x01, 0x3F, 0x62, 0xFF, 0x01, 0xFC, 0x01, 0x3F, 0x62, 0xFF,
    0x01, 0xFC, 0x01, 0x3F, 0x62, 0xFF, 0x01, 0xFC, 0x01, 0x3F, 0x03, 0xFF, 0x01, 0xFC, 0x20, 0x00,
    0x01, 0x3F, 0x3D, 0xFF, 0x01, 0xFC, 0x01, 0x3F, 0x03, 0xFF, 0x01, 0xFC, 0x20, 0x00, 0x01, 0x3F,
    0x3D, 0xFF, 0x01, 0xFC, 0x01, 0x3F, 0x03, 0xFF, 0x01, 0xFC, 0x20, 0x00, 0x01, 0x3F, 0x3D, 0xFF,
    0x01, 0xFC, 0x01, 0x3F, 0x03, 0xFF, 0x01, 0xFC, 0x20, 0x00, 0x01, 0x3F, 0x3D, 0xFF, 0x01, 0xFC,
    0x01, 0x3F, 0x62, 0xFF, 0x01, 0xFC, 0x01, 0x3F, 0x62, 0xFF, 0x01, 0xFC, 0x01, 0x3F, 0x62, 0xFF,
    0x01, 0xFC, 0x01, 0x3F, 0x62, 0xFF, 0x01, 0xFC, 0x01, 0x3F, 0x62, 0xFF, 0x01, 0xFC, 0x01, 0x3F,
    0x62, 0xFF, 0x01, 0xFC, 0x01, 0x3F, 0x62, 0xFF, 0x01, 0xFC, 0x01, 0x3F, 0x62, 0xFF, 0x01, 0xFC,
    0x01, 0x3F, 0x62, 0xFF, 0x01, 0xFC, 0x01, 0x3F, 0x62, 0xFF, 0x01, 0xFC, 0x01, 0x3F, 0x62, 0xFF,
    0x01, 0xFC, 0x01, 0x3F, 0x62, 0xFF, 0x01, 0xFC, 0x01, 0x3F, 0x62, 0xFF, 0x01, 0xFC, 0x01, 0x3F,
    0x2C, 0xFF, 0x30, 0x00, 0x06, 0xFF, 0x01, 0xFC, 0x01, 0x3F, 0x2C, 0xFF, 0x30, 0x00, 0x06, 0xFF,
    0x01, 0xFC, 0x01, 0x3F, 0x07, 0xFF, 0x01, 0xFE, 0x01, 0x7F, 0x01, 0x87, 0x22, 0xFF, 0x30, 0x00,
    0x06, 0xFF, 0x01, 0xFC, 0x01, 0x3F, 0x03, 0xFF, 0x01, 0xFE, 0x01, 0x04, 0x01, 0xF7, 0x01, 0x00,
    0x01, 0x0E, 0x01, 0x30, 0x01, 0x3F, 0x02, 0xFF, 0x01, 0xF0, 0x01, 0x00, 0x1E, 0xFF, 0x30, 0x00,
    0x06, 0xFF, 0x01, 0xFC, 0x01, 0x3F, 0x03, 0xFF, 0x01, 0xFE, 0x01, 0x74, 0x01, 0xE3, 0x01, 0x1F,
    0x01, 0x8F, 0x01, 0x33, 0x01, 0xFF, 0x01, 0xF0, 0x01, 0x0F, 0x01, 0xF3, 0x01, 0xFC, 0x1E, 0xFF,
    0x30, 0x00, 0x06, 0xFF, 0x01, 0xFC, 0x01, 0x3F, 0x03, 0xFF, 0x01, 0xFE, 0x01, 0x74, 0x01, 0xCF,
    0x01, 0x1F, 0x01, 0x8F, 0x01, 0x13, 0x01, 0xFF, 0x01, 0xF0, 0x01, 0x0F, 0x01, 0xF3, 0x01, 0xFC,
    0x54, 0xFF, 0x01, 0xFC, 0x01, 0x3F, 0x03, 0xFF, 0x01, 0xFE, 0x01, 0x14, 0x01, 0x1F, 0x01, 0x00,
    0x01, 0x0F, 0x01, 0x33, 0x02, 0xFF, 0x01, 0x8F, 0x01, 0xF3, 0x01, 0xFC, 0x54, 0xFF, 0x01, 0xFC,
    0x01, 0x3F, 0x03, 0xFF, 0x01, 0xFE, 0x01, 0x14, 0x03, 0xFF, 0x01, 0xF0, 0x01, 0x03, 0x01, 0xFF,
    0x01, 0x9F, 0x01, 0xF3, 0x01, 0xFC, 0x54, 0xFF, 0x01, 0xFC, 0x01, 0x3F, 0x03, 0xFF, 0x01, 0xFE,
    0x01, 0x14, 0x02, 0xFF, 0x01, 0xFE, 0x01, 0x33, 0x01, 0x9F, 0x01, 0xFF, 0x01, 0x1F, 0x01, 0xF3,
    0x01, 0xFC, 0x54, 0xFF, 0x01, 0xFC, 0x01, 0x3F, 0x03, 0xFF, 0x01, 0xFE, 0x01, 0x10, 0x02, 0x00,
    0x01, 0x02, 0x01, 0x33, 0x01, 0x9F, 0x01, 0xFF, 0x01, 0x3F, 0x01, 0xF0, 0x01, 0x00, 0x54, 0xFF,
    0x01, 0xFC, 0x01, 0x3F, 0x03, 0xFF, 0x01, 0xFE, 0x01, 0x14, 0x02, 0x1F, 0x01, 0xFE, 0x01, 0x33,
    0x01, 0x9F, 0x01, 0xFE, 0x01, 0x3F, 0x01, 0xF3, 0x01, 0xFC, 0x54, 0xFF, 0x01, 0xFC, 0x01, 0x3F,
    0x03, 0xFF, 0x01, 0xFE, 0x01, 0x14, 0x02, 0x9F, 0x01, 0xFE, 0x01, 0x33, 0x01, 0x9F, 0x01, 0xFE,
    0x01, 0x7F, 0x01, 0xF3, 0x01, 0xFC, 0x54, 0xFF, 0x01, 0xFC, 0x01, 0x3F, 0x03, 0xFF, 0x01, 0xFE,
    0x01, 0x14, 0x01, 0xDF, 0x01, 0x80, 0x01, 0x0E, 0x01, 0x23, 0x01, 0x9F, 0x01, 0xFC, 0x01, 0x7F,
    0x01, 0xF3, 0x01, 0xFC, 0x54, 0xFF, 0x01, 0xFC, 0x01, 0x3F, 0x04, 0xFF, 0x01, 0x9C, 0x01, 0xCF,
    0x01, 0xFF, 0x01, 0xCE, 0x01, 0x03, 0x01, 0x9F, 0x01, 0xFC, 0x01, 0x7F, 0x01, 0xF3, 0x01, 0xFC,
    0x54, 0xFF, 0x01, 0xFC, 0x01, 0x3F, 0x04, 0xFF, 0x01, 0x8C, 0x01, 0xCF, 0x01, 0xFF, 0x01, 0xCE,
    0x01, 0x37, 0x01, 0x9F, 0x01, 0xFC, 0x01, 0xFF, 0x01, 0xF3, 0x01, 0xFC, 0x54, 0xFF, 0x01, 0xFC,
    0x01, 0x3F, 0x04, 0xFF, 0x01, 0x24, 0x01, 0x07, 0x01, 0xFF, 0x01, 0x8E, 0x01, 0x1F, 0x01, 0xFF,
    0x01, 0xFC, 0x01, 0xFF, 0x01, 0xF3, 0x01, 0xFC, 0x54, 0xFF, 0x01, 0xFC, 0x01, 0x3F, 0x03, 0xFF,
    0x01, 0xFE, 0x01, 0x60, 0x01, 0x73, 0x01, 0xF0, 0x01, 0x1E, 0x01, 0x40, 0x01, 0x03, 0x02, 0xFF,
    0x01, 0xF0, 0x01, 0x00, 0x54, 0xFF, 0x01, 0xFC, 0x01, 0x3F, 0x03, 0xFF, 0x01, 0xFE, 0x01, 0xF4,
    0x01, 0xF3, 0x01, 0xFF, 0x01, 0xFE, 0x04, 0xFF, 0x01, 0xF3, 0x01, 0xFC, 0x54, 0xFF, 0x01, 0xFC,
    0x01, 0x3F, 0x62, 0xFF, 0x01, 0xFC, 0x01, 0x3F, 0x62, 0xFF, 0x01, 0xFC, 0x01, 0x3F, 0x62, 0xFF,
    0x01, 0xFC, 0x01, 0x3F, 0x2C, 0xFF, 0x01, 0xC0, 0x01, 0x00, 0x01, 0x1F, 0x01, 0x80, 0x01, 0x00,
    0x01, 0x3F, 0x01, 0x1E, 0x01, 0x00, 0x01, 0x3F, 0x01, 0xF0, 0x2C, 0xFF, 0x01, 0xFC, 0x01, 0x3F,
    0x2C, 0xFF, 0x01, 0xC0, 0x01, 0x00, 0x01, 0x1F, 0x01, 0x80, 0x01, 0x00, 0x01, 0x18, 0x02, 0x00,
    0x01, 0x30, 0x01, 0x00, 0x01, 0x01, 0x2B, 0xFF, 0x01, 0xFC, 0x01, 0x3F, 0x2C, 0xFF, 0x01, 0xC0,
    0x01, 0x00, 0x01, 0x1F, 0x01, 0x80, 0x01, 0x00, 0x01, 0x10, 0x02, 0x00, 0x01, 0x30, 0x02, 0x00,
    0x2B, 0xFF, 0x01, 0xFC, 0x01, 0x3F, 0x2C, 0xFF, 0x01, 0xC0, 0x01, 0x00, 0x01, 0x1F, 0x01, 0x80,
    0x01, 0x00, 0x01, 0x10, 0x01, 0x01, 0x01, 0xC7, 0x01, 0xF0, 0x02, 0x00, 0x2B, 0xFF, 0x01, 0xFC,
    0x01, 0x3F, 0x2E, 0xFF, 0x01, 0x1F, 0x01, 0x8F, 0x01, 0x1F, 0x01, 0x10, 0x01, 0x31, 0x01, 0xC7,
    0x01, 0xF1, 0x02, 0x8F, 0x2B, 0xFF, 0x01, 0xFC, 0x01, 0x3F, 0x2E, 0xFF, 0x01, 0x1F, 0x01, 0x8F,
    0x01, 0x1F, 0x01, 0x1E, 0x01, 0x02, 0x01, 0x00, 0x01, 0x71, 0x01, 0x00, 0x01, 0x01, 0x2B, 0xFF,
    0x01, 0xFC, 0x01, 0x3F, 0x2C, 0xFF, 0x01, 0xE3, 0x01, 0xFF, 0x01, 0x1F, 0x01, 0x80, 0x01, 0x00,
    0x01, 0x1C, 0x01, 0x02, 0x01, 0x00, 0x01, 0x70, 0x01, 0x00, 0x01, 0x01, 0x2B, 0xFF, 0x01, 0xFC,
    0x01, 0x3F, 0x2C, 0xFF, 0x01, 0xE3, 0x01, 0xFF, 0x01, 0x1F, 0x01, 0x80, 0x01, 0x00, 0x01, 0x1C,
    0x01, 0xE2, 0x01, 0x00, 0x01, 0x71, 0x01, 0x00, 0x01, 0x01, 0x2B, 0xFF, 0x01, 0xFC, 0x01, 0x3F,
    0x2C, 0xFF, 0x01, 0xE0, 0x01, 0x00, 0x01, 0x1F, 0x01, 0x80, 0x01, 0x00, 0x01, 0x18, 0x01, 0x22,
    0x01, 0x02, 0x01, 0x71, 0x02, 0xCF, 0x2B, 0xFF, 0x01, 0xFC, 0x01, 0x3F, 0x2C, 0xFF, 0x01, 0xE0,
    0x01, 0x00, 0x01, 0x1F, 0x01, 0x8F, 0x01, 0x1F, 0x01, 0x1C, 0x01, 0x06, 0x01, 0x02, 0x01, 0x71,
    0x01, 0xC0, 0x01, 0x0F, 0x2B, 0xFF, 0x01, 0xFC, 0x01, 0x3F, 0x2C, 0xFF, 0x01, 0xE0, 0x01, 0x00,
    0x01, 0x1F, 0x01, 0x8F, 0x01, 0x1F, 0x01, 0x1E, 0x02, 0x02, 0x01, 0x71, 0x01, 0xC0, 0x01, 0x0F,
    0x2B, 0xFF, 0x01, 0xFC, 0x01, 0x3F, 0x2C, 0xFF, 0x01, 0xE3, 0x02, 0xFF, 0x01, 0x80, 0x01, 0x00,
    0x01, 0x18, 0x01, 0x00, 0x01, 0x02, 0x01, 0x71, 0x2D, 0xFF, 0x01, 0xFC, 0x01, 0x3F, 0x2C, 0xFF,
    0x01, 0xE3, 0x01, 0xFF, 0x01, 0xDF, 0x01, 0x80, 0x01, 0x00, 0x01, 0x10, 0x01, 0x70, 0x01, 0x02,
    0x01, 0x61, 0x01, 0x00, 0x01, 0x03, 0x2B, 0xFF, 0x01, 0xFC, 0x01, 0x3F, 0x2C, 0xFF, 0x01, 0xE3,
    0x01, 0xFF, 0x01, 0xE3, 0x02, 0x00, 0x01, 0x18, 0x01, 0x02, 0x01, 0x06, 0x01, 0x61, 0x01, 0x00,
    0x01, 0x03, 0x2B, 0xFF, 0x01, 0xFC, 0x01, 0x3F, 0x2C, 0xFF, 0x01, 0xE3, 0x01, 0xFF, 0x01, 0xC3,
    0x02, 0x00, 0x01, 0x1C, 0x01, 0x02, 0x01, 0x26, 0x01, 0x71, 0x01, 0x00, 0x01, 0x03, 0x2B, 0xFF,
    0x01, 0xFC, 0x01, 0x3F, 0x2C, 0xFF, 0x01, 0xE3, 0x01, 0xFF, 0x01, 0xC3, 0x02, 0x1F, 0x01, 0x1C,
    0x02, 0x02, 0x01, 0x73, 0x01, 0xC7, 0x01, 0x87, 0x2B, 0xFF, 0x01, 0xFC, 0x01, 0x3F, 0x2C, 0xFF,
    0x01, 0xE3, 0x01, 0xFF, 0x01, 0x87, 0x02, 0x1F, 0x01, 0x1C, 0x01, 0x73, 0x01, 0xC1, 0x01, 0xE3,
    0x01, 0xE1, 0x01, 0x0F, 0x2B, 0xFF, 0x01, 0xFC, 0x01, 0x3F, 0x2C, 0xFF, 0x01, 0xC0, 0x01, 0x00,
    0x01, 0x07, 0x01, 0x1F, 0x01, 0x10, 0x01, 0x1C, 0x01, 0x03, 0x01, 0x80, 0x01, 0x43, 0x01, 0xE0,
    0x01, 0x1F, 0x2B, 0xFF, 0x01, 0xFC, 0x01, 0x3F, 0x2C, 0xFF, 0x01, 0xE0, 0x01, 0x00, 0x01, 0x06,
    0x01, 0x1F, 0x01, 0x10, 0x01, 0x1C, 0x01, 0x00, 0x01, 0x08, 0x01, 0x20, 0x02, 0x00, 0x2B, 0xFF,
    0x01, 0xFC, 0x01, 0x3F, 0x2C, 0xFF, 0x01, 0xF8, 0x01, 0x00, 0x01, 0x0E, 0x01, 0x3F, 0x01, 0x10,
    0x01, 0x3C, 0x01, 0x00, 0x01, 0x3E, 0x01, 0x46, 0x01, 0x02, 0x01, 0x01, 0x2B, 0xFF, 0x01, 0xFC,
    0x01, 0x3F, 0x2F, 0xFF, 0x01, 0x3F, 0x01, 0x30, 0x01, 0x7C, 0x01, 0xF6, 0x01, 0x7E, 0x01, 0x76,
    0x01, 0x1F, 0x01, 0xE1, 0x2B, 0xFF, 0x01, 0xFC, 0x01, 0x3F, 0x62, 0xFF, 0x01, 0xFC, 0x01, 0x3F,
    0x62, 0xFF, 0x01, 0xFC, 0x01, 0x3F, 0x62, 0xFF, 0x01, 0xFC, 0x01, 0x3F, 0x62, 0xFF, 0x01, 0xFC,
    0x01, 0x3F, 0x62, 0xFF, 0x01, 0xFC, 0x01, 0x3F, 0x62, 0xFF, 0x01, 0xFC, 0x01, 0x3F, 0x62, 0xFF,
    0x01, 0xFC, 0x01, 0x3F, 0x62, 0xFF, 0x01, 0xFC, 0x01, 0x3F, 0x62, 0xFF, 0x01, 0xFC, 0x01, 0x3F,
    0x62, 0xFF, 0x01, 0xFC, 0x01, 0x3F, 0x62, 0xFF, 0x01, 0xFC, 0x01, 0x3F, 0x62, 0xFF, 0x01, 0xFC,
    0x01, 0x3F, 0x62, 0xFF, 0x01, 0xFC, 0x01, 0x3F, 0x62, 0xFF, 0x01, 0xFC, 0x01, 0x3F, 0x62, 0xFF,
    0x01, 0xFC, 0x01, 0x3F, 0x62, 0xFF, 0x01, 0xFC, 0x01, 0x3F, 0x62, 0xFF, 0x01, 0xFC, 0x01, 0x3F,
    0x62, 0xFF, 0x01, 0xFC, 0x01, 0x3F, 0x62, 0xFF, 0x01, 0xFC, 0x01, 0x3F, 0x2C, 0xFF, 0x01, 0xC0,
    0x01, 0x07, 0x01, 0x98, 0x01, 0x0F, 0x01, 0xE7, 0x01, 0xFF, 0x01, 0xE1, 0x01, 0x80, 0x01, 0x07,
    0x20, 0xFF, 0x01, 0xF3, 0x01, 0x3F, 0x01, 0xE3, 0x01, 0xFF, 0x01, 0xFC, 0x01, 0x79, 0x01, 0x00,
    0x06, 0xFF, 0x01, 0xFC, 0x01, 0x3F, 0x2C, 0xFF, 0x01, 0xDE, 0x01, 0xE6, 0x01, 0x06, 0x01, 0x78,
    0x01, 0x00, 0x01, 0x30, 0x01, 0x1F, 0x01, 0x9B, 0x01, 0x27, 0x20, 0xFF, 0x01, 0xF3, 0x01, 0x32,
    0x01, 0x00, 0x01, 0x08, 0x01, 0x1C, 0x01, 0x79, 0x01, 0xFC, 0x06, 0xFF, 0x01, 0xFC, 0x01, 0x3F,
    0x2C, 0xFF, 0x01, 0xC0, 0x01, 0x06, 0x01, 0xF8, 0x01, 0x09, 0x01, 0x1C, 0x01, 0xFF, 0x01, 0x3F,
    0x01, 0x9B, 0x01, 0x27, 0x20, 0xFF, 0x01, 0xF3, 0x01, 0x27, 0x01, 0xFF, 0x01, 0xF9, 0x01, 0x80,
    0x01, 0x05, 0x01, 0xFC, 0x06, 0xFF, 0x01, 0xFC, 0x01, 0x3F, 0x2C, 0xFF, 0x01, 0xDE, 0x01, 0xE7,
    0x01, 0x01, 0x01, 0x88, 0x01, 0x00, 0x01, 0x20, 0x01, 0x00, 0x01, 0x80, 0x01, 0x07, 0x20, 0xFF,
    0x01, 0x83, 0x01, 0x0E, 0x01, 0x00, 0x01, 0x19, 0x01, 0x9C, 0x01, 0x47, 0x01, 0xFC, 0x06, 0xFF,
    0x01, 0xFC, 0x01, 0x3F, 0x2C, 0xFF, 0x01, 0xC0, 0x01, 0x06, 0x01, 0x69, 0x01, 0x09, 0x01, 0x1C,
    0x01, 0xE3, 0x01, 0x31, 0x01, 0xFC, 0x21, 0xFF, 0x01, 0xF3, 0x01, 0x1E, 0x01, 0x3F, 0x01, 0x99,
    0x01, 0x8C, 0x01, 0x44, 0x01, 0x0C, 0x06, 0xFF, 0x01, 0xFC, 0x01, 0x3F, 0x2C, 0xFF, 0x01, 0xDF,
    0x01, 0xE6, 0x02, 0x09, 0x01, 0x00, 0x01, 0xE0, 0x01, 0x01, 0x01, 0x80, 0x01, 0x03, 0x20, 0xFF,
    0x01, 0xF3, 0x01, 0x3E, 0x01, 0x3F, 0x01, 0x98, 0x01, 0x04, 0x01, 0x44, 0x01, 0xEC, 0x06, 0xFF,
    0x01, 0xFC, 0x01, 0x3F, 0x2C, 0xFF, 0x01, 0xD8, 0x01, 0x26, 0x01, 0x21, 0x01, 0x09, 0x01, 0xFF,
    0x01, 0xE3, 0x01, 0x31, 0x01, 0x8F, 0x01, 0xE7, 0x20, 0xFF, 0x01, 0xF3, 0x01, 0x3E, 0x01, 0x00,
    0x01, 0x19, 0x01, 0x90, 0x01, 0x44, 0x01, 0x0C, 0x06, 0xFF, 0x01, 0xFC, 0x01, 0x3F, 0x2C, 0xFF,
    0x01, 0x9B, 0x01, 0xA6, 0x01, 0x01, 0x01, 0x08, 0x01, 0x00, 0x01, 0x60, 0x01, 0x01, 0x01, 0x80,
    0x01, 0x07, 0x20, 0xFF, 0x01, 0xF3, 0x01, 0x3F, 0x01, 0xF1, 0x01, 0xF9, 0x01, 0x90, 0x01, 0x44,
    0x01, 0xEC, 0x06, 0xFF, 0x01, 0xFC, 0x01, 0x3F, 0x2C, 0xFF, 0x01, 0x98, 0x01, 0x26, 0x01, 0x46,
    0x01, 0x79, 0x01, 0x18, 0x01, 0xFF, 0x01, 0x3F, 0x01, 0x8F, 0x01, 0xE7, 0x20, 0xFF, 0x01, 0x83,
    0x01, 0x33, 0x01, 0xB0, 0x01, 0x79, 0x01, 0x9A, 0x01, 0x44, 0x01, 0x0C, 0x06, 0xFF, 0x01, 0xFC,
    0x01, 0x3F, 0x2C, 0xFF, 0x01, 0x1B, 0x01, 0xE6, 0x01, 0x44, 0x01, 0x11, 0x01, 0xC1, 0x01, 0xE0,
    0x01, 0x01, 0x01, 0x80, 0x01, 0x07, 0x20, 0xFF, 0x01, 0xB3, 0x01, 0x23, 0x01, 0x10, 0x01, 0x39,
    0x01, 0x9C, 0x01, 0x44, 0x01, 0xFC, 0x06, 0xFF, 0x01, 0xFC, 0x01, 0x3F, 0x2C, 0xFF, 0x01, 0x1F,
    0x01, 0xE6, 0x01, 0x00, 0x01, 0x83, 0x01, 0x00, 0x01, 0xFF, 0x01, 0x3F, 0x01, 0x8F, 0x01, 0xE7,
    0x20, 0xFF, 0x01, 0xF3, 0x01, 0x32, 0x01, 0x33, 0x01, 0x98, 0x01, 0x1E, 0x01, 0x47, 0x01, 0xFD,
    0x06, 0xFF, 0x01, 0xFC, 0x01, 0x3F, 0x2C, 0xFF, 0x01, 0xBF, 0x01, 0x06, 0x01, 0x41, 0x01, 0xD8,
    0x01, 0x7E, 0x03, 0x00, 0x01, 0x03, 0x20, 0xFF, 0x01, 0xF3, 0x01, 0x06, 0x01, 0xC3, 0x01, 0xC9,
    0x01, 0x80, 0x01, 0xC7, 0x01, 0xE1, 0x06, 0xFF, 0x01, 0xFC, 0x01, 0x3F, 0x62, 0xFF, 0x01, 0xFC,
    0x01, 0x3F, 0x62, 0xFF, 0x01, 0xFC, 0x01, 0x3F, 0x62, 0xFF, 0x01, 0xFC, 0x01, 0x3F, 0x62, 0xFF,
    0x01, 0xFC, 0x01, 0x3F, 0x62, 0xFF, 0x01, 0xFC, 0x01, 0x3F, 0x62, 0xFF, 0x01, 0xFC, 0x01, 0x3F,
    0x62, 0xFF, 0x01, 0xFC, 0x01, 0x3F, 0x62, 0xFF, 0x01, 0xFC, 0x01, 0x3F, 0x62, 0xFF, 0x01, 0xFC,
    0x01, 0x3F, 0x62, 0xFF, 0x01, 0xFC, 0x01, 0x3F, 0x62, 0xFF, 0x01, 0xFC, 0x01, 0x3F, 0x62, 0xFF,
    0x01, 0xFC, 0x01, 0x3F, 0x62, 0xFF, 0x01, 0xFC, 0x01, 0x3F, 0x62, 0xFF, 0x01, 0xFC, 0x01, 0x3F,
    0x62, 0xFF, 0x01, 0xFC, 0x01, 0x3F, 0x62, 0xFF, 0x01, 0xFC, 0x01, 0x3F, 0x62, 0xFF, 0x01, 0xFC,
    0x01, 0x3F, 0x62, 0xFF, 0x01, 0xFC, 0x01, 0x3F, 0x62, 0xFF, 0x01, 0xFC, 0x01, 0x3F, 0x62, 0xFF,
    0x01, 0xFC, 0x01, 0x3F, 0x62, 0xFF, 0x01, 0xFC, 0x01, 0x3F, 0x35, 0xFF, 0x01, 0xF0, 0x02, 0x00,
    0x01, 0x03, 0x29, 0xFF, 0x01, 0xFC, 0x01, 0x3F, 0x35, 0xFF, 0x01, 0xF0, 0x02, 0x00, 0x01, 0x03,
    0x0B, 0xFF, 0x01, 0xF0, 0x03, 0x00, 0x1A, 0xFF, 0x01, 0xFC, 0x01, 0x3F, 0x35, 0xFF, 0x01, 0xF0,
    0x02, 0x00, 0x01, 0x03, 0x0B, 0xFF, 0x01, 0xF0, 0x03, 0x00, 0x1A, 0xFF, 0x01, 0xFC, 0x01, 0x3F,
    0x35, 0xFF, 0x01, 0xF0, 0x02, 0x00, 0x01, 0x03, 0x0B, 0xFF, 0x01, 0xF0, 0x03, 0x00, 0x1A, 0xFF,
    0x01, 0xFC, 0x01, 0x3F, 0x35, 0xFF, 0x01, 0xF0, 0x02, 0x00, 0x01, 0x03, 0x0B, 0xFF, 0x01, 0xF0,
    0x03, 0x00, 0x1A, 0xFF, 0x01, 0xFC, 0x01, 0x3F, 0x35, 0xFF, 0x01, 0xF0, 0x02, 0x00, 0x01, 0x83,
    0x0B, 0xFF, 0x01, 0xF0, 0x03, 0x00, 0x1A, 0xFF, 0x01, 0xFC, 0x01, 0x3F, 0x35, 0xFF, 0x01, 0xF0,
    0x01, 0x3F, 0x01, 0xFF, 0x01, 0x03, 0x0B, 0xFF, 0x01, 0xF0, 0x01, 0x3F, 0x01, 0xFF, 0x01, 0xE0,
    0x1A, 0xFF, 0x01, 0xFC, 0x01, 0x3F, 0x35, 0xFF, 0x01, 0xF0, 0x01, 0x3F, 0x01, 0xFF, 0x01, 0x03,
    0x0B, 0xFF, 0x01, 0xF0, 0x01, 0x3F, 0x01, 0xFF, 0x01, 0xE0, 0x1A, 0xFF, 0x01, 0xFC, 0x01, 0x3F,
    0x35, 0xFF, 0x01, 0xF0, 0x01, 0x3F, 0x01, 0xFF, 0x01, 0x03, 0x0B, 0xFF, 0x01, 0xF0, 0x01, 0x3F,
    0x01, 0xFF, 0x01, 0xE0, 0x1A, 0xFF, 0x01, 0xFC, 0x01, 0x3F, 0x35, 0xFF, 0x01, 0xF0, 0x02, 0x00,
    0x01, 0x83, 0x0B, 0xFF, 0x01, 0xF0, 0x01, 0x3F, 0x01, 0xFF, 0x01, 0xE0, 0x1A, 0xFF, 0x01, 0xFC,
    0x01, 0x3F, 0x35, 0xFF, 0x01, 0xF0, 0x02, 0x00, 0x01, 0x03, 0x0B, 0xFF, 0x01, 0xF0, 0x01, 0x3F,
    0x01, 0xFF, 0x01, 0xE0, 0x1A, 0xFF, 0x01, 0xFC, 0x01, 0x3F, 0x35, 0xFF, 0x01, 0xF0, 0x02, 0x00,
    0x01, 0x03, 0x0B, 0xFF, 0x01, 0xF0, 0x01, 0x3F, 0x01, 0xFF, 0x01, 0xE0, 0x1A, 0xFF, 0x01, 0xFC,
    0x01, 0x3F, 0x35, 0xFF, 0x01, 0xF0, 0x02, 0x00, 0x01, 0x03, 0x0B, 0xFF, 0x01, 0xF0, 0x01, 0x3F,
    0x01, 0xFF, 0x01, 0xE0, 0x1A, 0xFF, 0x01, 0xFC, 0x01, 0x3F, 0x35, 0xFF, 0x01, 0xF0, 0x02, 0x00,
    0x01, 0x03, 0x0B, 0xFF, 0x01, 0xF0, 0x03, 0x00, 0x1A, 0xFF, 0x01, 0xFC, 0x01, 0x3F, 0x35, 0xFF,
    0x01, 0xF0, 0x01, 0x3F, 0x01, 0xFF, 0x01, 0x03, 0x0B, 0xFF, 0x01, 0xF0, 0x03, 0x00, 0x1A, 0xFF,
    0x01, 0xFC, 0x01, 0x3F, 0x35, 0xFF, 0x01, 0xF0, 0x01, 0x3F, 0x01, 0xFF, 0x01, 0x03, 0x0B, 0xFF,
    0x01, 0xF0, 0x03, 0x00, 0x1A, 0xFF, 0x01, 0xFC, 0x01, 0x3F, 0x35, 0xFF, 0x01, 0xF0, 0x01, 0x3F,
    0x01, 0xFF, 0x01, 0x03, 0x0B, 0xFF, 0x01, 0xF0, 0x03, 0x00, 0x1A, 0xFF, 0x01, 0xFC, 0x01, 0x3F,
    0x35, 0xFF, 0x01, 0xF0, 0x01, 0x7F, 0x01, 0xFF, 0x01, 0x03, 0x0B, 0xFF, 0x01, 0xF0, 0x03, 0x00,
    0x1A, 0xFF, 0x01, 0xFC, 0x01, 0x3F, 0x35, 0xFF, 0x01, 0xF0, 0x02, 0x00, 0x01, 0x03, 0x0B, 0xFF,
    0x01, 0xF0, 0x01, 0x3F, 0x01, 0xFF, 0x01, 0xE0, 0x1A, 0xFF, 0x01, 0xFC, 0x01, 0x3F, 0x35, 0xFF,
    0x01, 0xF0, 0x02, 0x00, 0x01, 0x03, 0x0B, 0xFF, 0x01, 0xF0, 0x01, 0x3F, 0x01, 0xFF, 0x01, 0xE0,
    0x1A, 0xFF, 0x01, 0xFC, 0x01, 0x3F, 0x35, 0xFF, 0x01, 0xF0, 0x02, 0x00, 0x01, 0x03, 0x0B, 0xFF,
    0x01, 0xF0, 0x01, 0x3F, 0x01, 0xFF, 0x01, 0xE0, 0x1A, 0xFF, 0x01, 0xFC, 0x01, 0x3F, 0x35, 0xFF,
    0x01, 0xE0, 0x02, 0x00, 0x01, 0x03, 0x0B, 0xFF, 0x01, 0xF0, 0x01, 0x3F, 0x01, 0xFF, 0x01, 0xE0,
    0x1A, 0xFF, 0x01, 0xFC, 0x01, 0x3F, 0x35, 0xFF, 0x01, 0xF0, 0x02, 0x00, 0x01, 0x03, 0x0B, 0xFF,
    0x01, 0xF0, 0x01, 0x3F, 0x01, 0xFF, 0x01, 0xE0, 0x1A, 0xFF, 0x01, 0xFC, 0x01, 0x3F, 0x35, 0xFF,
    0x01, 0xF0, 0x01, 0x7F, 0x01, 0xFF, 0x01, 0x03, 0x0B, 0xFF, 0x01, 0xF0, 0x01, 0x3F, 0x01, 0xFF,
    0x01, 0xE0, 0x1A, 0xFF, 0x01, 0xFC, 0x01, 0x3F, 0x35, 0xFF, 0x01, 0xE0, 0x01, 0x7F, 0x01, 0xFF,
    0x01, 0x03, 0x0B, 0xFF, 0x01, 0xF0, 0x01, 0x3F, 0x01, 0xFF, 0x01, 0xE0, 0x1A, 0xFF, 0x01, 0xFC,
    0x01, 0x3F, 0x35, 0xFF, 0x01, 0xC0, 0x01, 0x7F, 0x01, 0xFF, 0x01, 0x03, 0x0B, 0xFF, 0x01, 0xF0,
    0x01, 0x3F, 0x01, 0xFF, 0x01, 0xE0, 0x1A, 0xFF, 0x01, 0xFC, 0x01, 0x3F, 0x35, 0xFF, 0x01, 0xC0,
    0x01, 0x7F, 0x01, 0xFF, 0x01, 0x03, 0x0B, 0xFF, 0x01, 0xF0, 0x03, 0x00, 0x1A, 0xFF, 0x01, 0xFC,
    0x01, 0x3F, 0x35, 0xFF, 0x01, 0xC0, 0x02, 0xFF, 0x01, 0x03, 0x0B, 0xFF, 0x01, 0xF0, 0x03, 0x00,
    0x1A, 0xFF, 0x01, 0xFC, 0x01, 0x3F, 0x03, 0xFF, 0x01, 0xFC, 0x20, 0x00, 0x01, 0x3F, 0x10, 0xFF,
    0x01, 0x00, 0x01, 0xFF, 0x01, 0x00, 0x01, 0x03, 0x0B, 0xFF, 0x01, 0xF0, 0x03, 0x00, 0x1A, 0xFF,
    0x01, 0xFC, 0x01, 0x3F, 0x03, 0xFF, 0x01, 0xFC, 0x20, 0x00, 0x01, 0x3F, 0x0F, 0xFF, 0x01, 0xFE,
    0x01, 0x01, 0x01, 0xFF, 0x01, 0x80, 0x01, 0x03, 0x0B, 0xFF, 0x01, 0xF0, 0x03, 0x00, 0x1A, 0xFF,
    0x01, 0xFC, 0x01, 0x3F, 0x03, 0xFF, 0x01, 0xFC, 0x20, 0x00, 0x01, 0x3F, 0x10, 0xFF, 0x01, 0x01,
    0x01, 0xFF, 0x01, 0x00, 0x01, 0x03, 0x0B, 0xFF, 0x01, 0xF0, 0x03, 0x00, 0x1A, 0xFF, 0x01, 0xFC,
    0x01, 0x3F, 0x35, 0xFF, 0x01, 0x83, 0x01, 0xFF, 0x01, 0x80, 0x01, 0x07, 0x0B, 0xFF, 0x01, 0xF0,
    0x01, 0x3F, 0x01, 0xFF, 0x01, 0xE0, 0x1A, 0xFF, 0x01, 0xFC, 0x01, 0x3F, 0x35, 0xFF, 0x01, 0xE7,
    0x01, 0xFF, 0x01, 0x80, 0x01, 0x0F, 0x0B, 0xFF, 0x01, 0xF0, 0x01, 0x3F, 0x01, 0xFF, 0x01, 0xE0,
    0x1A, 0xFF, 0x01, 0xFC, 0x01, 0x3F, 0x37, 0xFF, 0x01, 0xC0, 0x01, 0x7F, 0x0B, 0xFF, 0x01, 0xF8,
    0x01, 0x7F, 0x01, 0xFF, 0x01, 0xE0, 0x1A, 0xFF, 0x01, 0xFC, 0x01, 0x3F, 0x62, 0xFF, 0x01, 0xFC,
    0x01, 0x3F, 0x62, 0xFF, 0x01, 0xFC, 0x01, 0x3F, 0x62, 0xFF, 0x01, 0xFC, 0x01, 0x3F, 0x62, 0xFF,
    0x01, 0xFC, 0x01, 0x3F, 0x62, 0xFF, 0x01, 0xFC, 0x01, 0x3F, 0x62, 0xFF, 0x01, 0xFC, 0x01, 0x3F,
    0xFF, 0xFF, 0xFF, 0xFF, 0xFF, 0xFF, 0xFF, 0xFF, 0xFF, 0xFF, 0xFF, 0xFF, 0xFF, 0xFF, 0xFF, 0xFF,
    0xFF, 0xFF, 0xFF, 0xFF, 0xFF, 0xFF, 0xFF, 0xFF, 0xB4, 0xFF,
};

const uint8_t kCodexQuotaRedRle[] PROGMEM = {
    0xFF, 0xFF, 0xFF, 0xFF, 0xFF, 0xFF, 0xFF, 0xFF, 0xFF, 0xFF, 0xFF, 0xFF, 0xFF, 0xFF, 0xFF, 0xFF,
    0xFF, 0xFF, 0xDE, 0xFF, 0x01, 0xEF, 0x03, 0xFF, 0x01, 0xFB, 0x60, 0xFF, 0x01, 0xEF, 0x5A, 0xFF,
    0x01, 0x7F, 0x0A, 0xFF, 0x01, 0xEF, 0x55, 0xFF, 0x01, 0xF7, 0x02, 0xFF, 0x01, 0x7F, 0x0A, 0xFF,
    0x01, 0xEF, 0x55, 0xFF, 0x01, 0xEF, 0x02, 0xFF, 0x01, 0x7F, 0x04, 0xFF, 0x01, 0xFE, 0x05, 0xFF,
    0x01, 0xEF, 0x56, 0xFF, 0x01, 0xFB, 0x01, 0xFF, 0x01, 0x7F, 0x03, 0xFF, 0x01, 0xFD, 0x04, 0xFF,
    0x01, 0xFE, 0x01, 0xFF, 0x01, 0xEF, 0x53, 0xFF, 0x01, 0x7F, 0x04, 0xFF, 0x01, 0x7F, 0x01, 0xEF,
    0x03, 0xFF, 0x01, 0xFD, 0x05, 0xFF, 0x01, 0xEF, 0x56, 0xFF, 0x01, 0xFE, 0x01, 0xFF, 0x01, 0x7F,
    0x01, 0xF7, 0x02, 0xFF, 0x01, 0xFE, 0x03, 0xFF, 0x01, 0xBF, 0x02, 0xFF, 0x01, 0xEF, 0x55, 0xFF,
    0x01, 0xBF, 0x02, 0xFF, 0x01, 0x7F, 0x04, 0xFF, 0x01, 0xFB, 0x02, 0xFF, 0x01, 0x7F, 0x02, 0xFF,
    0x01, 0xEF, 0x52, 0xFF, 0x01, 0xFE, 0x05, 0xFF, 0x01, 0x7F, 0x01, 0xFB, 0x09, 0xFF, 0x01, 0xEF,
    0x01, 0xDF, 0x01, 0xF7, 0x56, 0xFF, 0x01, 0x7F, 0x04, 0xFF, 0x01, 0xBF, 0x01, 0xFF, 0x01, 0xFE,
    0x02, 0xFF, 0x01, 0x7F, 0x01, 0xEF, 0x01, 0xDF, 0x01, 0xF7, 0x55, 0xFF, 0x02, 0x7F, 0x07, 0xFF,
    0x01, 0xDF, 0x01, 0xFF, 0x01, 0x7F, 0x01, 0xEF, 0x01, 0xDF, 0x56, 0xFF, 0x02, 0x7F, 0x04, 0xFF,
    0x01, 0xBF, 0x04, 0xFF, 0x01, 0x7F, 0x01, 0xEF, 0x01, 0xDF, 0x57, 0xFF, 0x01, 0x7F, 0x01, 0xFB,
    0x08, 0xFF, 0x01, 0x7F, 0x01, 0xEF, 0x52, 0xFF, 0x01, 0xFE, 0x05, 0xFF, 0x01, 0x7F, 0x01, 0xFB,
    0x03, 0xFF, 0x01, 0x7F, 0x04, 0xFF, 0x01, 0x7F, 0x01, 0xEF, 0x52, 0xFF, 0x01, 0xFE, 0x02, 0xFF,
    0x01, 0xBF, 0x02, 0xFF, 0x01, 0x7F, 0x04, 0xFF, 0x01, 0xFB, 0x01, 0xFF, 0x01, 0xFE, 0x02, 0xFF,
    0x01, 0x7F, 0x01, 0xEF, 0x58, 0xFF, 0x01, 0x7F, 0x09, 0xFF, 0x01, 0x7F, 0x01, 0xEF, 0x53, 0xFF,
    0x01, 0x7F, 0x01, 0xFF, 0x01, 0xDF, 0x02, 0xFF, 0x01, 0x7F, 0x03, 0xFF, 0x02, 0xFD, 0x5E, 0xFF,
    0x01, 0x7F, 0x0C, 0xFF, 0x01, 0xF7, 0x56, 0xFF, 0x01, 0x7F, 0x07, 0xFF, 0x02, 0xFE, 0x5A, 0xFF,
    0x01, 0x7F, 0x03, 0xFF, 0x01, 0xF7, 0x03, 0xFF, 0x01, 0xFE, 0x02, 0xFF, 0x01, 0xDF, 0x58, 0xFF,
    0x01, 0x7F, 0x08, 0xFF, 0x01, 0xFB, 0x01, 0xFF, 0x01, 0xDF, 0x62, 0xFF, 0x01, 0xEF, 0x63, 0xFF,
    0x01, 0xF7, 0x01, 0xFD, 0x60, 0xFF, 0x01, 0xFE, 0x01, 0xEF, 0xFF, 0xFF, 0xFF, 0xFF, 0xFF, 0xFF,
    0xFF, 0xFF, 0xFF, 0xFF, 0xFF, 0xFF, 0xFF, 0xFF, 0xFF, 0xFF, 0xFF, 0xFF, 0xFF, 0xFF, 0xFF, 0xFF,
    0xFF, 0xFF, 0xFF, 0xFF, 0xFF, 0xFF, 0xFF, 0xFF, 0xFF, 0xFF, 0xFF, 0xFF, 0xFF, 0xFF, 0xFF, 0xFF,
    0x2A, 0xFF, 0x01, 0xBF, 0x63, 0xFF, 0x01, 0xBF, 0x01, 0xFF, 0x01, 0xF7, 0x61, 0xFF, 0x01, 0xBF,
    0x01, 0xFF, 0x01, 0x7F, 0x01, 0xFF, 0x01, 0xEF, 0x5F, 0xFF, 0x01, 0xB7, 0x01, 0xFF, 0x01, 0xF7,
    0x5F, 0xFF, 0x01, 0xFB, 0x01, 0xFF, 0x01, 0xBF, 0x01, 0xFF, 0x01, 0xDF, 0x01, 0xFF, 0x01, 0x7F,
    0x5F, 0xFF, 0x01, 0xBF, 0x01, 0xFF, 0x01, 0x7F, 0x61, 0xFF, 0x01, 0xBF, 0x01, 0xFF, 0x01, 0xDF,
    0x61, 0xFF, 0x01, 0xBF, 0x01, 0xFF, 0x01, 0x7F, 0x01, 0xBF, 0x60, 0xFF, 0x01, 0xBF, 0x01, 0xFF,
    0x01, 0xDF, 0x60, 0xFF, 0x01, 0xF7, 0x01, 0xBF, 0x01, 0xFF, 0x01, 0xEF, 0x5F, 0xFF, 0x01, 0x7F,
    0x01, 0xFB, 0x66, 0xFF, 0x01, 0xF7, 0x3A, 0xFF, 0x02, 0xFB, 0x0F, 0xFF, 0x01, 0x7F, 0x01, 0xBF,
    0x16, 0xFF, 0x01, 0xF7, 0x01, 0xFF, 0x01, 0xBF, 0x01, 0xF7, 0x38, 0xFF, 0x01, 0xFB, 0x10, 0xFF,
    0x01, 0xBF, 0x16, 0xFF, 0x01, 0x77, 0x01, 0xFF, 0x01, 0x7F, 0x38, 0xFF, 0x01, 0xDF, 0x01, 0xFB,
    0x10, 0xFF, 0x01, 0xBF, 0x14, 0xFF, 0x01, 0xBF, 0x01, 0xFF, 0x01, 0xF7, 0x3A, 0xFF, 0x01, 0xDF,
    0x01, 0xFB, 0x10, 0xFF, 0x01, 0xBF, 0x51, 0xFF, 0x01, 0xDF, 0x01, 0xFB, 0x0E, 0xFF, 0x01, 0xF7,
    0x01, 0x77, 0x01, 0xBF, 0x52, 0xFF, 0x01, 0xFB, 0x0E, 0xFF, 0x01, 0xEF, 0x01, 0xFF, 0x01, 0xBF,
    0x51, 0xFF, 0x01, 0xDF, 0x01, 0xFB, 0x10, 0xFF, 0x01, 0xBF, 0x51, 0xFF, 0x01, 0xDF, 0x01, 0xFB,
    0x10, 0xFF, 0x01, 0xBF, 0x51, 0xFF, 0x01, 0xDF, 0x01, 0xFB, 0x0F, 0xFF, 0x01, 0xEF, 0x01, 0xBF,
    0x52, 0xFF, 0x01, 0xFB, 0x0F, 0xFF, 0x01, 0xDF, 0x01, 0xBF, 0x51, 0xFF, 0x01, 0xDF, 0x01, 0xFB,
    0x0F, 0xFF, 0x02, 0xBF, 0x52, 0xFF, 0x01, 0xFB, 0x10, 0xFF, 0x01, 0xBF, 0xFF, 0xFF, 0xFF, 0xFF,
    0xFF, 0xFF, 0xFF, 0xFF, 0xFF, 0xFF, 0xFF, 0xFF, 0xFF, 0xFF, 0xFF, 0xFF, 0xFF, 0xFF, 0xFF, 0xFF,
    0xFF, 0xFF, 0xFF, 0xFF, 0xFF, 0xFF, 0xFF, 0xFF, 0xFF, 0xFF, 0xFF, 0xFF, 0xFF, 0xFF, 0xFF, 0xFF,
    0xFF, 0xFF, 0xFF, 0xFF, 0xFF, 0xFF, 0xFF, 0xFF, 0xFF, 0xFF, 0xFF, 0xFF, 0xFF, 0xFF, 0xFF, 0xFF,
    0xFF, 0xFF, 0xFF, 0xFF, 0xFF, 0xFF, 0xFF, 0xFF, 0xFF, 0xFF, 0xFF, 0xFF, 0xFF, 0xFF, 0xFF, 0xFF,
    0xFF, 0xFF, 0xFF, 0xFF, 0xFF, 0xFF, 0xFF, 0xFF, 0xFF, 0xFF, 0xFF, 0xFF, 0xB5, 0xFF, 0x01, 0xBF,
    0x14, 0xFF, 0x01, 0xEF, 0x63, 0xFF, 0x01, 0xEF, 0x63, 0xFF, 0x01, 0xEF, 0x01, 0xFF, 0x01, 0xDF,
    0x61, 0xFF, 0x01, 0xEF, 0x56, 0xFF, 0x01, 0xF7, 0x0C, 0xFF, 0x01, 0xEF, 0x01, 0xFF, 0x01, 0x7F,
    0x51, 0xFF, 0x01, 0xF7, 0x02, 0xFF, 0x01, 0xF7, 0x62, 0xFF, 0x02, 0xF7, 0x0A, 0xFF, 0x01, 0xFD,
    0x52, 0xFF, 0x01, 0x7F, 0x03, 0xFF, 0x01, 0xBF, 0x02, 0xF7, 0x0D, 0xFF, 0x01, 0xEF, 0x4D, 0xFF,
    0x01, 0xF7, 0x06, 0xFF, 0x02, 0xF7, 0x0C, 0xFF, 0x01, 0xEF, 0x53, 0xFF, 0x01, 0xF7, 0x01, 0xFF,
    0x01, 0x7F, 0x01, 0xF7, 0x09, 0xFF, 0x02, 0x7F, 0x02, 0xFF, 0x01, 0x7F, 0x4E, 0xFF, 0x01, 0xFE,
    0x03, 0xFF, 0x01, 0x7F, 0x02, 0xFF, 0x01, 0xF7, 0x0D, 0xFF, 0x01, 0x77, 0x01, 0xBF, 0x4C, 0xFF,
    0x01, 0xEF, 0x11, 0xFF, 0x01, 0xDF, 0x01, 0xBF, 0x01, 0xFF, 0x01, 0xDD, 0x5F, 0xFF, 0x01, 0xFD,
    0x01, 0xFF, 0x01, 0xDF, 0xFF, 0xFF, 0xFF, 0xFF, 0xFF, 0xFF, 0xFF, 0xFF, 0xFF, 0xFF, 0xFF, 0xFF,
    0xFF, 0xFF, 0xFF, 0xFF, 0xFF, 0xFF, 0xFF, 0xFF, 0xFF, 0xFF, 0xFF, 0xFF, 0xFF, 0xFF, 0xFF, 0xFF,
    0xFF, 0xFF, 0xFF, 0xFF, 0xFF, 0xFF, 0xFF, 0xFF, 0xFF, 0xFF, 0xFF, 0xFF, 0xFF, 0xFF, 0xFF, 0xFF,
    0xFF, 0xFF, 0xFF, 0xFF, 0xFF, 0xFF, 0xFF, 0xFF, 0xFF, 0xFF, 0xFF, 0xFF, 0xFF, 0xFF, 0xFF, 0xFF,
    0xFF, 0xFF, 0x49, 0xFF, 0x01, 0xEF, 0x06, 0xFF, 0x01, 0xEF, 0x5B, 0xFF, 0x01, 0xEF, 0x01, 0xDF,
    0x01, 0xFF, 0x01, 0xFE, 0x02, 0xFF, 0x01, 0xEF, 0x01, 0xFF, 0x01, 0xEF, 0x01, 0xFB, 0x5A, 0xFF,
    0x01, 0xEF, 0x01, 0xBF, 0x04, 0xFF, 0x01, 0xEF, 0x01, 0xFF, 0x01, 0xEF, 0x01, 0xFB, 0x5A, 0xFF,
    0x01, 0xEF, 0x07, 0xFF, 0x01, 0xEF, 0x01, 0xFB, 0x5A, 0xFF, 0x01, 0xEF, 0x06, 0xFF, 0x01, 0x7F,
    0x01, 0xEF, 0x01, 0xFB, 0x5A, 0xFF, 0x01, 0xEF, 0x02, 0xFF, 0x01, 0xFD, 0x04, 0xFF, 0x01, 0xEF,
    0x01, 0xFB, 0x5A, 0xFF, 0x01, 0xEF, 0x05, 0xFF, 0x01, 0xFE, 0x01, 0xFF, 0x01, 0xEF, 0x5B, 0xFF,
    0x01, 0xEF, 0x07, 0xFF, 0x01, 0xEF, 0x01, 0xFB, 0x5A, 0xFF, 0x01, 0xEF, 0x01, 0xFF, 0x01, 0x7F,
    0x01, 0xFF, 0x01, 0xEF, 0x01, 0xFF, 0x01, 0xFD, 0x01, 0xFF, 0x01, 0xEF, 0x01, 0xFB, 0x5A, 0xFF,
    0x01, 0xEF, 0x01, 0xBF, 0x01, 0x7F, 0x05, 0xFF, 0x01, 0xEF, 0x01, 0xFB, 0x5D, 0xFF, 0x01, 0xBF,
    0x04, 0xFF, 0x01, 0xEF, 0x01, 0xFB, 0x5A, 0xFF, 0x01, 0x7F, 0x02, 0xFF, 0x01, 0xBF, 0x02, 0xFF,
    0x01, 0xFB, 0x01, 0xFF, 0x01, 0xEF, 0x01, 0xFB, 0x5A, 0xFF, 0x01, 0xDF, 0x05, 0xFF, 0x01, 0xFB,
    0x01, 0xFF, 0x01, 0xEF, 0x01, 0xFB, 0x5B, 0xFF, 0x01, 0xEF, 0x01, 0xFF, 0x01, 0xFD, 0x04, 0xFF,
    0x01, 0xEF, 0x5A, 0xFF, 0x01, 0xFD, 0x03, 0xFF, 0x01, 0xFD, 0x04, 0xFF, 0x01, 0xEF, 0x01, 0xFB,
    0xFF, 0xFF, 0xFF, 0xFF, 0x17, 0xFF, 0x01, 0x7F, 0x63, 0xFF, 0x01, 0x7F, 0x63, 0xFF, 0x01, 0x7F,
    0x63, 0xFF, 0x01, 0x7F, 0x01, 0xFE, 0x62, 0xFF, 0x01, 0x7F, 0x01, 0xFE, 0x03, 0xFF, 0x01, 0xFE,
    0x5B, 0xFF, 0x01, 0xDF, 0x02, 0xFF, 0x01, 0x7F, 0x60, 0xFF, 0x01, 0xDF, 0x02, 0xFF, 0x01, 0x7F,
    0x01, 0xFF, 0x01, 0xFB, 0x02, 0xFF, 0x01, 0xFE, 0x5B, 0xFF, 0x01, 0xDF, 0x02, 0xFF, 0x01, 0x7F,
    0x02, 0xFF, 0x01, 0xDF, 0x01, 0xFD, 0x01, 0xFF, 0x02, 0xBF, 0x59, 0xFF, 0x01, 0xDF, 0x02, 0xFF,
    0x01, 0x7F, 0x01, 0xFE, 0x02, 0xFF, 0x01, 0xFD, 0x01, 0xFF, 0x01, 0xBF, 0x5A, 0xFF, 0x01, 0xDF,
    0x02, 0xFF, 0x01, 0x7F, 0x01, 0xFE, 0x02, 0xFF, 0x01, 0xFD, 0x01, 0xFF, 0x01, 0xBF, 0x5A, 0xFF,
    0x01, 0xDF, 0x02, 0xFF, 0x01, 0x7F, 0x03, 0xFF, 0x01, 0xFD, 0x5C, 0xFF, 0x01, 0xDF, 0x02, 0xFF,
    0x01, 0x7F, 0x03, 0xFF, 0x01, 0xFD, 0x01, 0xFE, 0x5B, 0xFF, 0x01, 0xDF, 0x01, 0xFF, 0x01, 0xDF,
    0x04, 0xFF, 0x01, 0xFD, 0x01, 0xFE, 0x5B, 0xFF, 0x01, 0xDF, 0x06, 0xFF, 0x01, 0xDD, 0x01, 0xEF,
    0x5B, 0xFF, 0x01, 0xDF, 0x03, 0xFF, 0x01, 0xFE, 0x02, 0xFF, 0x01, 0xFD, 0x01, 0xEF, 0x01, 0xBF,
    0x5A, 0xFF, 0x01, 0xDF, 0x03, 0xFF, 0x01, 0xFE, 0x01, 0xFF, 0x01, 0xEF, 0x01, 0xBF, 0x01, 0xFF,
    0x01, 0xDE, 0x5C, 0xFF, 0x01, 0xFE, 0x04, 0xFF, 0x01, 0x7F, 0x64, 0xFF, 0x01, 0xDF, 0x5B, 0xFF,
    0x01, 0xF7, 0x06, 0xFF, 0x02, 0xFD, 0xFF, 0xFF, 0xFF, 0xFF, 0xFF, 0xFF, 0xFF, 0xFF, 0xFF, 0xFF,
    0xFF, 0xFF, 0xFF, 0xFF, 0xFF, 0xFF, 0x33, 0xFF, 0x01, 0xBF, 0x01, 0xFF, 0x01, 0x7F, 0x01, 0xFF,
    0x01, 0xDF, 0x01, 0xFF, 0x01, 0xDF, 0x22, 0xFF, 0x01, 0xFE, 0x3A, 0xFF, 0x01, 0xBD, 0x01, 0xFD,
    0x03, 0xFF, 0x01, 0xEF, 0x01, 0xFF, 0x01, 0xF7, 0x21, 0xFF, 0x01, 0xFE, 0x01, 0xFD, 0x03, 0xFF,
    0x01, 0xF7, 0x01, 0xFB, 0x34, 0xFF, 0x01, 0xBF, 0x01, 0xFD, 0x05, 0xFF, 0x01, 0xF7, 0x21, 0xFF,
    0x01, 0xFE, 0x01, 0xDF, 0x02, 0xFF, 0x01, 0x7F, 0x02, 0xFB, 0x34, 0xFF, 0x01, 0xBD, 0x04, 0xFF,
    0x01, 0xDF, 0x23, 0xFF, 0x01, 0x7E, 0x03, 0xFF, 0x01, 0x7F, 0x01, 0xFF, 0x01, 0xFB, 0x34, 0xFF,
    0x01, 0xBF, 0x01, 0xFD, 0x01, 0xDE, 0x26, 0xFF, 0x01, 0xFE, 0x02, 0xFF, 0x02, 0x7F, 0x01, 0xFF,
    0x01, 0xFB, 0x34, 0xFF, 0x01, 0xBF, 0x01, 0xFF, 0x01, 0xFE, 0x04, 0xFF, 0x01, 0x7F, 0x21, 0xFF,
    0x01, 0xFE, 0x02, 0xFF, 0x01, 0x7F, 0x02, 0xFF, 0x01, 0xDB, 0x34, 0xFF, 0x01, 0xB7, 0x01, 0xFD,
    0x01, 0xFE, 0x05, 0xFF, 0x01, 0xDF, 0x20, 0xFF, 0x01, 0xFE, 0x03, 0xFF, 0x01, 0x6F, 0x01, 0xFF,
    0x01, 0xFB, 0x34, 0xFF, 0x01, 0xF7, 0x01, 0x7F, 0x01, 0xFE, 0x26, 0xFF, 0x01, 0xFE, 0x03, 0xFF,
    0x01, 0x7F, 0x01, 0xFF, 0x01, 0xDB, 0x34, 0xFF, 0x01, 0xF7, 0x07, 0xFF, 0x01, 0xDF, 0x20, 0xFF,
    0x01, 0xFE, 0x03, 0xFF, 0x01, 0x75, 0x01, 0xFF, 0x01, 0xFB, 0x34, 0xFF, 0x01, 0xF7, 0x28, 0xFF,
    0x01, 0x7E, 0x03, 0xFF, 0x01, 0x7F, 0x01, 0xFF, 0x01, 0xFB, 0x3C, 0xFF, 0x01, 0xDF, 0x20, 0xFF,
    0x01, 0xFE, 0x01, 0xEF, 0x02, 0xFF, 0x01, 0xFD, 0x01, 0xFF, 0x01, 0xFB, 0x5E, 0xFF, 0x01, 0xFD,
    0x02, 0xFF, 0x01, 0x7F, 0x01, 0xFF, 0x01, 0xDF, 0xFF, 0xFF, 0xFF, 0xFF, 0xFF, 0xFF, 0xFF, 0xFF,
    0xFF, 0xFF, 0xFF, 0xFF, 0xFF, 0xFF, 0xFF, 0xFF, 0xFF, 0xFF, 0xFF, 0xFF, 0x72, 0xFF, 0x01, 0x7F,
    0x72, 0xFF, 0x01, 0xDF, 0x63, 0xFF, 0x01, 0xDF, 0x63, 0xFF, 0x01, 0xDF, 0x54, 0xFF, 0x01, 0x7F,
    0x0E, 0xFF, 0x01, 0xDF, 0x63, 0xFF, 0x01, 0xDF, 0x63, 0xFF, 0x01, 0xDF, 0x63, 0xFF, 0x01, 0xDF,
    0xFF, 0xFF, 0xFF, 0xFF, 0x59, 0xFF, 0x01, 0xDF, 0x63, 0xFF, 0x01, 0xDF, 0x63, 0xFF, 0x01, 0xDF,
    0x63, 0xFF, 0x01, 0xDF, 0x51, 0xFF, 0x01, 0xEF, 0x11, 0xFF, 0x01, 0xDF, 0x51, 0xFF, 0x01, 0xEF,
    0x11, 0xFF, 0x01, 0xDF, 0x63, 0xFF, 0x01, 0xDF, 0x63, 0xFF, 0x01, 0xDF, 0xB5, 0xFF, 0x01, 0xBF,
    0xC9, 0xFF, 0x01, 0x7F, 0xD7, 0xFF, 0x01, 0xDF, 0x51, 0xFF, 0x01, 0xDF, 0x11, 0xFF, 0x01, 0xDF,
    0x51, 0xFF, 0x01, 0xEF, 0xFF, 0xFF, 0xFF, 0xFF, 0xFF, 0xFF, 0xFF, 0xFF, 0xFF, 0xFF, 0xFF, 0xFF,
    0xFF, 0xFF, 0xFF, 0xFF, 0xFF, 0xFF, 0xFF, 0xFF, 0xFF, 0xFF, 0xFF, 0xFF, 0xFF, 0xFF, 0xFF, 0xFF,
    0xFF, 0xFF, 0x3D, 0xFF,
};

const FrameAsset kCodexQuota = {
    "codex-quota",
    800,
    480,
    {kCodexQuotaBlackRle, sizeof(kCodexQuotaBlackRle), 48000, 0xB6306F3Du},
    {kCodexQuotaRedRle, sizeof(kCodexQuotaRedRle), 48000, 0x0D2D7245u},
};

const uint8_t kServerStatusBlackRle[] PROGMEM = {
    0xFF, 0xFF, 0xFF, 0xFF, 0xFF, 0xFF, 0xFF, 0xFF, 0xFF, 0xFF, 0xFF, 0xFF, 0xFF, 0xFF, 0xFF, 0xFF,
    0xFF, 0xFF, 0x71, 0xFF, 0x01, 0xC7, 0x05, 0xFF, 0x01, 0xFC, 0x01, 0xFE, 0x01, 0x3F, 0x01, 0xFF,
    0x01, 0xF8, 0x01, 0x7F, 0x54, 0xFF, 0x01, 0x00, 0x01, 0xC0, 0x01, 0x01, 0x01, 0xFF, 0x01, 0x87,
    0x01, 0xFF, 0x01, 0xFE, 0x01, 0x00, 0x01, 0xE0, 0x01, 0x0F, 0x01, 0xF8, 0x01, 0x7C, 0x01, 0x1B,
    0x01, 0xFF, 0x01, 0xFC, 0x01, 0x3F, 0x54, 0xFF, 0x01, 0x00, 0x01, 0x40, 0x01, 0x00, 0x01, 0xFE,
    0x01, 0x0F, 0x01, 0xFF, 0x01, 0xFC, 0x01, 0x00, 0x01, 0x60, 0x01, 0x07, 0x01, 0xF8, 0x01, 0x7C,
    0x01, 0x11, 0x01, 0xFF, 0x01, 0xFC, 0x01, 0x7F, 0x54, 0xFF, 0x01, 0x00, 0x01, 0x40, 0x01, 0x00,
    0x01, 0xFC, 0x02, 0x00, 0x01, 0x3C, 0x01, 0x00, 0x01, 0x60, 0x01, 0x07, 0x01, 0xF8, 0x01, 0x7C,
    0x01, 0x10, 0x01, 0xE0, 0x02, 0x00, 0x01, 0x0F, 0x53, 0xFF, 0x01, 0x00, 0x01, 0x40, 0x01, 0x00,
    0x01, 0xFC, 0x02, 0x00, 0x01, 0x3C, 0x01, 0x00, 0x01, 0x60, 0x01, 0x47, 0x01, 0x18, 0x01, 0x7C,
    0x01, 0x18, 0x01, 0x70, 0x02, 0x00, 0x01, 0x0F, 0x53, 0xFF, 0x01, 0x1C, 0x01, 0x43, 0x02, 0xF0,
    0x02, 0x00, 0x01, 0x3C, 0x01, 0x38, 0x01, 0x63, 0x01, 0x87, 0x01, 0x18, 0x01, 0x7C, 0x01, 0x1C,
    0x01, 0x70, 0x02, 0x00, 0x01, 0x0F, 0x53, 0xFF, 0x01, 0x1C, 0x01, 0x42, 0x01, 0xF0, 0x01, 0xC0,
    0x01, 0x1F, 0x01, 0xE0, 0x01, 0x7C, 0x01, 0x00, 0x01, 0x60, 0x01, 0x07, 0x01, 0x88, 0x01, 0x7C,
    0x01, 0x1D, 0x01, 0xE0, 0x02, 0x00, 0x01, 0x0F, 0x53, 0xFF, 0x01, 0x1C, 0x01, 0x42, 0x01, 0x01,
    0x01, 0xC0, 0x01, 0x07, 0x01, 0x81, 0x01, 0xFC, 0x01, 0x00, 0x01, 0x60, 0x01, 0x07, 0x01, 0x08,
    0x01, 0x7C, 0x01, 0x3F, 0x01, 0xFF, 0x01, 0xF0, 0x01, 0x0F, 0x54, 0xFF, 0x01, 0x00, 0x01, 0x43,
    0x01, 0x01, 0x01, 0xE3, 0x01, 0x80, 0x01, 0x03, 0x01, 0xFC, 0x01, 0x00, 0x01, 0x60, 0x01, 0x07,
    0x01, 0x80, 0x02, 0x00, 0x01, 0x7F, 0x01, 0xE1, 0x01, 0x87, 0x54, 0xFF, 0x01, 0x00, 0x01, 0x42,
    0x01, 0x03, 0x01, 0xFF, 0x01, 0x80, 0x01, 0x0F, 0x02, 0xFF, 0x01, 0x1E, 0x01, 0x3F, 0x01, 0xC0,
    0x02, 0x00, 0x01, 0x7F, 0x01, 0x83, 0x01, 0x81, 0x54, 0xFF, 0x01, 0x00, 0x01, 0x43, 0x01, 0xFF,
    0x01, 0xFE, 0x02, 0x00, 0x01, 0x7F, 0x01, 0xFF, 0x01, 0x0C, 0x01, 0x1F, 0x01, 0x80, 0x02, 0x00,
    0x01, 0x7E, 0x01, 0x01, 0x01, 0xC0, 0x01, 0x7F, 0x04, 0xFF, 0x01, 0xF9, 0x01, 0x00, 0x01, 0x70,
    0x01, 0x01, 0x01, 0xB4, 0x01, 0x9E, 0x01, 0x20, 0x01, 0x1C, 0x01, 0xE3, 0x46, 0xFF, 0x01, 0x00,
    0x01, 0x40, 0x01, 0x00, 0x01, 0x80, 0x02, 0x00, 0x01, 0x08, 0x02, 0x00, 0x01, 0x01, 0x01, 0xC8,
    0x01, 0x40, 0x01, 0x00, 0x01, 0x70, 0x01, 0x00, 0x01, 0x70, 0x01, 0x0F, 0x04, 0xFF, 0x01, 0xF0,
    0x01, 0x9C, 0x01, 0x73, 0x01, 0xB9, 0x01, 0x90, 0x01, 0x1E, 0x01, 0x27, 0x01, 0xDC, 0x01, 0xF3,
    0x01, 0xE0, 0x01, 0x01, 0x44, 0xFF, 0x01, 0x1C, 0x01, 0x40, 0x01, 0x00, 0x01, 0xC0, 0x01, 0x07,
    0x01, 0x00, 0x01, 0x18, 0x02, 0x00, 0x01, 0x01, 0x01, 0xF8, 0x01, 0x7E, 0x01, 0x1F, 0x01, 0xC0,
    0x01, 0x18, 0x01, 0x30, 0x01, 0x0F, 0x04, 0xFF, 0x01, 0xFD, 0x01, 0xC1, 0x01, 0xF3, 0x01, 0xB9,
    0x01, 0xC1, 0x01, 0x82, 0x01, 0x07, 0x01, 0xDC, 0x01, 0x80, 0x01, 0x27, 0x01, 0xF9, 0x44, 0xFF,
    0x01, 0x1C, 0x01, 0x40, 0x01, 0x00, 0x01, 0xE0, 0x01, 0x61, 0x01, 0xF0, 0x01, 0x18, 0x02, 0x00,
    0x01, 0x03, 0x01, 0xF8, 0x01, 0x7C, 0x01, 0x0F, 0x01, 0xF0, 0x01, 0x38, 0x01, 0x1C, 0x01, 0x0F,
    0x05, 0xFF, 0x01, 0x80, 0x01, 0x70, 0x01, 0x01, 0x01, 0x80, 0x01, 0x36, 0x01, 0x20, 0x01, 0x18,
    0x01, 0x4E, 0x01, 0x67, 0x01, 0xF9, 0x44, 0xFF, 0x01, 0x0C, 0x01, 0x43, 0x01, 0x78, 0x01, 0xE7,
    0x01, 0xE1, 0x02, 0xFF, 0x01, 0xF0, 0x01, 0x03, 0x01, 0xFF, 0x01, 0xE0, 0x01, 0x7C, 0x01, 0x0F,
    0x01, 0xF0, 0x01, 0xFE, 0x01, 0x3F, 0x01, 0x1F, 0x04, 0xFF, 0x01, 0xF9, 0x01, 0xB3, 0x01, 0x73,
    0x01, 0xB9, 0x01, 0xC7, 0x01, 0x36, 0x01, 0x26, 0x01, 0x7C, 0x01, 0xE4, 0x01, 0xE7, 0x01, 0xF9,
    0x44, 0xFF, 0x01, 0x00, 0x01, 0x40, 0x01, 0x70, 0x01, 0xFF, 0x01, 0xC1, 0x01, 0xFF, 0x01, 0xFC,
    0x01, 0x00, 0x01, 0x60, 0x01, 0x0F, 0x01, 0xE0, 0x01, 0x78, 0x01, 0x0F, 0x01, 0xFB, 0x01, 0xFC,
    0x06, 0xFF, 0x01, 0xFD, 0x01, 0x80, 0x01, 0x73, 0x01, 0xB9, 0x01, 0x80, 0x01, 0x26, 0x01, 0x00,
    0x01, 0x0C, 0x01, 0x80, 0x01, 0x27, 0x01, 0xF9, 0x44, 0xFF, 0x01, 0x00, 0x01, 0x40, 0x01, 0x31,
    0x01, 0xE0, 0x02, 0x00, 0x01, 0x30, 0x01, 0x01, 0x01, 0xF0, 0x01, 0x01, 0x01, 0x80, 0x01, 0x7C,
    0x01, 0x07, 0x01, 0xFF, 0x01, 0xF8, 0x01, 0x3E, 0x01, 0x3F, 0x04, 0xFF, 0x01, 0xFD, 0x01, 0xB3,
    0x01, 0x70, 0x01, 0x01, 0x01, 0xAF, 0x01, 0x04, 0x01, 0x26, 0x01, 0x7C, 0x01, 0x67, 0x01, 0xE7,
    0x01, 0xF9, 0x44, 0xFF, 0x01, 0x00, 0x01, 0x42, 0x01, 0x01, 0x01, 0xE0, 0x02, 0x00, 0x01, 0x38,
    0x01, 0x07, 0x01, 0xFC, 0x01, 0x02, 0x01, 0x00, 0x01, 0x78, 0x01, 0x47, 0x01, 0xF1, 0x01, 0x08,
    0x01, 0x1E, 0x01, 0x1F, 0x04, 0xFF, 0x01, 0xFD, 0x01, 0x80, 0x01, 0x73, 0x01, 0xB9, 0x01, 0x81,
    0x01, 0x8E, 0x01, 0x20, 0x01, 0x18, 0x01, 0x80, 0x01, 0x27, 0x01, 0xF9, 0x43, 0xFF, 0x01, 0xFE,
    0x01, 0x1C, 0x01, 0x42, 0x01, 0x03, 0x01, 0xE0, 0x02, 0x00, 0x01, 0x38, 0x01, 0x00, 0x01, 0x60,
    0x01, 0x02, 0x01, 0x00, 0x01, 0x78, 0x01, 0xC3, 0x01, 0xF8, 0x01, 0x0C, 0x01, 0x1E, 0x01, 0x1F,
    0x04, 0xFF, 0x01, 0xFD, 0x01, 0xB3, 0x01, 0x77, 0x01, 0xB9, 0x01, 0x99, 0x01, 0x8E, 0x01, 0x21,
    0x01, 0xDC, 0x01, 0x8C, 0x01, 0xE7, 0x01, 0xF9, 0x43, 0xFF, 0x01, 0xFE, 0x01, 0x1C, 0x01, 0x43,
    0x01, 0x03, 0x01, 0xFF, 0x01, 0x83, 0x01, 0xFC, 0x01, 0x7C, 0x01, 0x00, 0x01, 0x60, 0x01, 0x07,
    0x01, 0x18, 0x01, 0x70, 0x01, 0xC3, 0x01, 0xF0, 0x01, 0x0F, 0x01, 0x17, 0x01, 0x0F, 0x04, 0xFF,
    0x01, 0xFD, 0x01, 0xB0, 0x01, 0x67, 0x01, 0xB9, 0x01, 0x81, 0x01, 0xC6, 0x01, 0x21, 0x01, 0xDC,
    0x01, 0x80, 0x01, 0xE7, 0x01, 0xF9, 0x44, 0xFF, 0x01, 0x1C, 0x01, 0x43, 0x01, 0x07, 0x01, 0xFF,
    0x01, 0x07, 0x01, 0xF8, 0x01, 0x7C, 0x01, 0x00, 0x01, 0x60, 0x01, 0x07, 0x01, 0xB8, 0x01, 0x60,
    0x01, 0xE1, 0x01, 0xF1, 0x01, 0x0F, 0x01, 0xB0, 0x01, 0x0F, 0x04, 0xFF, 0x01, 0xF0, 0x01, 0xFF,
    0x01, 0xC7, 0x01, 0xB9, 0x01, 0xC3, 0x01, 0x86, 0x01, 0x00, 0x01, 0x1C, 0x01, 0xF0, 0x01, 0xE0,
    0x01, 0x01, 0x43, 0xFF, 0x01, 0xFE, 0x01, 0x1C, 0x01, 0x43, 0x01, 0x03, 0x01, 0xFE, 0x01, 0x0F,
    0x01, 0xF8, 0x02, 0x7C, 0x01, 0x63, 0x01, 0xC7, 0x01, 0xF8, 0x01, 0x61, 0x01, 0xE0, 0x01, 0xE1,
    0x01, 0x0F, 0x01, 0xF0, 0x01, 0x07, 0x04, 0xFF, 0x01, 0xFB, 0x01, 0x00, 0x01, 0x37, 0x01, 0x81,
    0x01, 0x9C, 0x01, 0x72, 0x01, 0x11, 0x01, 0xD9, 0x01, 0x06, 0x01, 0x27, 0x01, 0xF9, 0x43, 0xFF,
    0x01, 0xFE, 0x01, 0x18, 0x01, 0x40, 0x01, 0x00, 0x01, 0xF0, 0x01, 0x0C, 0x01, 0xF0, 0x01, 0x7C,
    0x01, 0x3C, 0x01, 0x63, 0x01, 0x87, 0x01, 0xF8, 0x01, 0x41, 0x01, 0xE0, 0x01, 0x41, 0x01, 0x07,
    0x01, 0xF0, 0x01, 0x8F, 0x52, 0xFF, 0x01, 0xFE, 0x01, 0x00, 0x01, 0x40, 0x01, 0x00, 0x01, 0xC0,
    0x01, 0x18, 0x01, 0x00, 0x01, 0x7C, 0x01, 0x00, 0x01, 0x60, 0x01, 0x07, 0x01, 0xF8, 0x01, 0x03,
    0x01, 0xF0, 0x01, 0x23, 0x01, 0x00, 0x01, 0x01, 0x53, 0xFF, 0x01, 0xFE, 0x01, 0x20, 0x01, 0xC0,
    0x01, 0x20, 0x01, 0xC0, 0x01, 0x7C, 0x01, 0x00, 0x01, 0xFC, 0x01, 0x00, 0x01, 0x60, 0x01, 0x07,
    0x01, 0xF8, 0x01, 0x47, 0x01, 0xF8, 0x01, 0x7F, 0x01, 0x80, 0x01, 0x01, 0x54, 0xFF, 0x01, 0x30,
    0x01, 0xC2, 0x01, 0x79, 0x01, 0xE1, 0x01, 0xFC, 0x01, 0x01, 0x01, 0xFC, 0x01, 0x00, 0x01, 0x60,
    0x01, 0x07, 0x01, 0xF8, 0x01, 0x67, 0x01, 0xFC, 0x01, 0xFF, 0x01, 0xC0, 0x01, 0x03, 0x55, 0xFF,
    0x01, 0xC7, 0x01, 0xFF, 0x01, 0xF7, 0x02, 0xFF, 0x01, 0xFE, 0x01, 0x7C, 0x01, 0xE7, 0x01, 0xCF,
    0x01, 0xF8, 0x01, 0x7F, 0xFF, 0xFF, 0xFF, 0xFF, 0xFF, 0xFF, 0xFF, 0xFF, 0xFF, 0xFF, 0xFF, 0xFF,
    0xFF, 0xFF, 0xC7, 0xFF, 0xFF, 0x00, 0x91, 0x00, 0xFF, 0xFF, 0xFF, 0xFF, 0xFF, 0xFF, 0xFF, 0xFF,
    0xFF, 0xFF, 0xFF, 0xFF, 0x4A, 0xFF, 0x01, 0xF9, 0x04, 0xFF, 0x01, 0xE7, 0x01, 0xF8, 0x01, 0xFE,
    0x01, 0x7C, 0x01, 0x7F, 0x5A, 0xFF, 0x01, 0xF9, 0x01, 0xFF, 0x01, 0x00, 0x01, 0x0E, 0x01, 0x00,
    0x01, 0xE7, 0x01, 0xF0, 0x01, 0x7E, 0x01, 0x3C, 0x01, 0x7F, 0x01, 0x00, 0x01, 0x0F, 0x58, 0xFF,
    0x01, 0xF9, 0x01, 0xFF, 0x01, 0x1F, 0x01, 0xCF, 0x01, 0xE7, 0x01, 0x87, 0x01, 0xC0, 0x01, 0x3F,
    0x01, 0x80, 0x01, 0x07, 0x01, 0x3F, 0x01, 0xCF, 0x57, 0xFF, 0x01, 0xFE, 0x01, 0x00, 0x01, 0x07,
    0x01, 0x1F, 0x01, 0xCE, 0x01, 0x00, 0x01, 0x07, 0x01, 0xC6, 0x01, 0x1F, 0x01, 0xF0, 0x01, 0xDF,
    0x01, 0x00, 0x01, 0x0F, 0x58, 0xFF, 0x01, 0xF0, 0x01, 0xFF, 0x01, 0x1F, 0x01, 0xCF, 0x01, 0xE7,
    0x01, 0x86, 0x01, 0x0F, 0x01, 0x84, 0x01, 0xE1, 0x01, 0x8F, 0x01, 0x3F, 0x01, 0xCF, 0x58, 0xFF,
    0x01, 0xF0, 0x01, 0x7F, 0x01, 0x00, 0x01, 0x0F, 0x01, 0x80, 0x01, 0x06, 0x02, 0x00, 0x01, 0x23,
    0x01, 0x87, 0x01, 0x00, 0x01, 0x0F, 0x58, 0xFF, 0x01, 0xC0, 0x01, 0x7F, 0x01, 0x1F, 0x01, 0xCE,
    0x01, 0x00, 0x01, 0x87, 0x01, 0xF8, 0x01, 0xFF, 0x01, 0x00, 0x01, 0x03, 0x35, 0xFF, 0x01, 0xFE,
    0x01, 0x1F, 0x23, 0xFF, 0x01, 0xC1, 0x01, 0x3F, 0x01, 0x1F, 0x01, 0xCF, 0x01, 0x81, 0x01, 0x87,
    0x01, 0xF8, 0x02, 0xFF, 0x01, 0xF6, 0x01, 0x00, 0x01, 0x03, 0x33, 0xFF, 0x01, 0xFE, 0x01, 0x1F,
    0x23, 0xFF, 0x01, 0x89, 0x01, 0x9F, 0x01, 0x1F, 0x01, 0xCE, 0x01, 0x01, 0x01, 0x07, 0x01, 0xF8,
    0x01, 0xFF, 0x01, 0x72, 0x01, 0x1F, 0x01, 0x39, 0x01, 0xCF, 0x33, 0xFF, 0x01, 0xFE, 0x01, 0x1F,
    0x05, 0xFF, 0x01, 0xF3, 0x1D, 0xFF, 0x01, 0x19, 0x01, 0x8F, 0x01, 0x00, 0x01, 0x0F, 0x01, 0x80,
    0x01, 0x06, 0x01, 0x00, 0x01, 0x06, 0x01, 0x32, 0x01, 0x1F, 0x01, 0x00, 0x01, 0x0F, 0x33, 0xFF,
    0x01, 0xFE, 0x01, 0x1F, 0x03, 0xFF, 0x01, 0x04, 0x01, 0x03, 0x01, 0xE0, 0x01, 0x03, 0x01, 0x80,
    0x01, 0x03, 0x01, 0x99, 0x01, 0x03, 0x17, 0xFF, 0x01, 0xFE, 0x01, 0x39, 0x01, 0xE7, 0x01, 0x9F,
    0x01, 0xCF, 0x01, 0xC7, 0x01, 0x87, 0x01, 0xF8, 0x01, 0xFF, 0x01, 0x32, 0x01, 0x1F, 0x01, 0x39,
    0x01, 0xCF, 0x33, 0xFF, 0x01, 0xFE, 0x01, 0x1F, 0x03, 0xFF, 0x01, 0x34, 0x01, 0xF3, 0x02, 0x87,
    0x01, 0x9C, 0x01, 0x73, 0x01, 0x00, 0x01, 0x33, 0x17, 0xFF, 0x01, 0xFE, 0x01, 0x00, 0x01, 0x33,
    0x01, 0x9F, 0x01, 0xCF, 0x01, 0x01, 0x01, 0x87, 0x01, 0x98, 0x01, 0x1F, 0x01, 0x32, 0x01, 0x13,
    0x01, 0x39, 0x01, 0xCF, 0x33, 0xFF, 0x01, 0xFE, 0x01, 0x1F, 0x03, 0xFF, 0x01, 0x34, 0x01, 0xF3,
    0x01, 0x03, 0x01, 0x8F, 0x01, 0x9C, 0x01, 0x73, 0x01, 0x99, 0x01, 0x33, 0x18, 0xFF, 0x01, 0xF9,
    0x01, 0xFF, 0x01, 0x1F, 0x01, 0xCE, 0x01, 0x24, 0x01, 0x87, 0x01, 0x08, 0x01, 0x0E, 0x01, 0x66,
    0x01, 0x13, 0x01, 0x00, 0x01, 0x07, 0x33, 0xFF, 0x01, 0xFE, 0x01, 0x1F, 0x03, 0xFF, 0x01, 0x34,
    0x01, 0xE3, 0x01, 0xB0, 0x01, 0x1F, 0x01, 0x90, 0x01, 0x03, 0x01, 0x99, 0x01, 0x33, 0x18, 0xFF,
    0x01, 0xF9, 0x01, 0xFF, 0x01, 0x3F, 0x01, 0xCC, 0x01, 0x64, 0x01, 0xE7, 0x01, 0x38, 0x01, 0xE6,
    0x01, 0x66, 0x01, 0x13, 0x01, 0xF9, 0x34, 0xFF, 0x01, 0xFE, 0x01, 0x1F, 0x03, 0xFF, 0x01, 0x04,
    0x01, 0x83, 0x01, 0xE0, 0x01, 0x1F, 0x01, 0x9C, 0x01, 0x73, 0x01, 0x81, 0x01, 0x03, 0x18, 0xFF,
    0x01, 0xF9, 0x01, 0xFC, 0x01, 0x3F, 0x01, 0xCE, 0x01, 0xE7, 0x01, 0xE6, 0x01, 0x78, 0x01, 0xE2,
    0x01, 0x06, 0x01, 0x02, 0x01, 0x00, 0x01, 0x03, 0x33, 0xFF, 0x01, 0xFE, 0x01, 0x1F, 0x03, 0xFF,
    0x01, 0x34, 0x01, 0xFF, 0x01, 0x83, 0x01, 0x07, 0x01, 0x9C, 0x01, 0x73, 0x01, 0x99, 0x01, 0x33,
    0x18, 0xFF, 0x01, 0xF9, 0x01, 0xFF, 0x01, 0x7C, 0x01, 0x0F, 0x01, 0xE7, 0x01, 0x87, 0x01, 0xC1,
    0x01, 0xFE, 0x01, 0x6E, 0x01, 0x07, 0x35, 0xFF, 0x01, 0xFE, 0x01, 0x1F, 0x03, 0xFF, 0x01, 0x34,
    0x01, 0x01, 0x01, 0x1F, 0x01, 0xE1, 0x01, 0x80, 0x01, 0x03, 0x01, 0x99, 0x01, 0x33, 0x57, 0xFF,
    0x01, 0xFE, 0x01, 0x1F, 0x03, 0xFF, 0x01, 0x34, 0x01, 0x33, 0x01, 0xF9, 0x01, 0xFF, 0x01, 0x9F,
    0x01, 0xF3, 0x01, 0x81, 0x01, 0x33, 0x57, 0xFF, 0x01, 0xFE, 0x01, 0x1F, 0x03, 0xFF, 0x01, 0x34,
    0x01, 0x13, 0x01, 0xF1, 0x01, 0xFF, 0x01, 0x90, 0x01, 0x13, 0x01, 0x99, 0x01, 0x33, 0x57, 0xFF,
    0x01, 0xFE, 0x01, 0x1F, 0x03, 0xFF, 0x01, 0x04, 0x01, 0x03, 0x01, 0x00, 0x01, 0x03, 0x01, 0x93,
    0x01, 0x13, 0x01, 0x99, 0x01, 0x03, 0x34, 0xFF, 0x01, 0xC0, 0x02, 0x00, 0x01, 0x7F, 0x1F, 0xFF,
    0x01, 0xFE, 0x01, 0x1F, 0x03, 0xFF, 0x01, 0x34, 0x01, 0xC3, 0x01, 0xF1, 0x01, 0xE3, 0x02, 0x13,
    0x01, 0x00, 0x01, 0x33, 0x33, 0xFF, 0x01, 0xF0, 0x04, 0x00, 0x1F, 0xFF, 0x01, 0xFE, 0x01, 0x1F,
    0x03, 0xFF, 0x01, 0x34, 0x01, 0x87, 0x02, 0xE3, 0x01, 0x30, 0x01, 0x13, 0x01, 0x92, 0x01, 0x33,
    0x32, 0xFF, 0x01, 0xFE, 0x05, 0x00, 0x01, 0x07, 0x1E, 0xFF, 0x01, 0xFE, 0x01, 0x1F, 0x03, 0xFF,
    0x01, 0x34, 0x01, 0x87, 0x01, 0xC7, 0x01, 0xE2, 0x01, 0x33, 0x01, 0xF3, 0x01, 0x81, 0x01, 0x33,
    0x32, 0xFF, 0x01, 0xF0, 0x06, 0x00, 0x01, 0x7F, 0x1D, 0xFF, 0x01, 0xFE, 0x01, 0x1F, 0x02, 0xFF,
    0x01, 0xFE, 0x01, 0x34, 0x01, 0x13, 0x01, 0x8F, 0x01, 0xE6, 0x01, 0x3F, 0x01, 0xE3, 0x01, 0x30,
    0x01, 0x73, 0x32, 0xFF, 0x01, 0x80, 0x01, 0x00, 0x01, 0x03, 0x01, 0xFF, 0x01, 0xE0, 0x02, 0x00,
    0x01, 0x0F, 0x1D, 0xFF, 0x01, 0xFE, 0x01, 0x1F, 0x03, 0xFF, 0x01, 0x04, 0x01, 0x39, 0x01, 0x3E,
    0x01, 0x0F, 0x01, 0xFF, 0x01, 0x87, 0x01, 0xFD, 0x01, 0x43, 0x31, 0xFF, 0x01, 0xFC, 0x01, 0x00,
    0x01, 0x01, 0x03, 0xFF, 0x01, 0xF0, 0x01, 0x00, 0x01, 0x01, 0x1D, 0xFF, 0x01, 0xFE, 0x01, 0x1F,
    0x3C, 0xFF, 0x01, 0xE0, 0x01, 0x00, 0x01, 0x3F, 0x04, 0xFF, 0x01, 0xC0, 0x01, 0x00, 0x01, 0x7F,
    0x1C, 0xFF, 0x01, 0xFE, 0x01, 0x1F, 0x3C, 0xFF, 0x01, 0x00, 0x01, 0x03, 0x05, 0xFF, 0x01, 0xFC,
    0x01, 0x00, 0x01, 0x0F, 0x1C, 0xFF, 0x01, 0xFE, 0x01, 0x1F, 0x3B, 0xFF, 0x01, 0xFC, 0x01, 0x00,
    0x01, 0x3F, 0x06, 0xFF, 0x01, 0xC0, 0x01, 0x03, 0x1C, 0xFF, 0x01, 0xFE, 0x01, 0x1F, 0x3B, 0xFF,
    0x01, 0xF0, 0x01, 0x01, 0x07, 0xFF, 0x01, 0xF8, 0x01, 0x00, 0x1C, 0xFF, 0x01, 0xFE, 0x01, 0x1F,
    0x3B, 0xFF, 0x01, 0xC0, 0x01, 0x0F, 0x08, 0xFF, 0x01, 0x00, 0x01, 0x3F, 0x1B, 0xFF, 0x01, 0xFE,
    0x01, 0x1F, 0x3B, 0xFF, 0x01, 0x00, 0x01, 0x3F, 0x08, 0xFF, 0x01, 0xC0, 0x01, 0x0F, 0x1B, 0xFF,
    0x01, 0xFE, 0x01, 0x1F, 0x3A, 0xFF, 0x01, 0xFC, 0x01, 0x00, 0x09, 0xFF, 0x01, 0xF0, 0x01, 0x03,
    0x1B, 0xFF, 0x01, 0xFE, 0x01, 0x1F, 0x3A, 0xFF, 0x01, 0xF0, 0x01, 0x07, 0x09, 0xFF, 0x01, 0xFE,
    0x01, 0x00, 0x1B, 0xFF, 0x01, 0xFE, 0x01, 0x1F, 0x3A, 0xFF, 0x01, 0xE0, 0x01, 0x1F, 0x0A, 0xFF,
    0x01, 0x80, 0x01, 0x7F, 0x1A, 0xFF, 0x01, 0xFE, 0x01, 0x1F, 0x3A, 0xFF, 0x01, 0x80, 0x01, 0x7F,
    0x0A, 0xFF, 0x01, 0xE0, 0x01, 0x1F, 0x1A, 0xFF, 0x01, 0xFE, 0x01, 0x1F, 0x3A, 0xFF, 0x01, 0x00,
    0x0B, 0xFF, 0x01, 0xF0, 0x01, 0x0F, 0x1A, 0xFF, 0x01, 0xFE, 0x01, 0x1F, 0x39, 0xFF, 0x01, 0xFC,
    0x01, 0x03, 0x0B, 0xFF, 0x01, 0xFC, 0x01, 0x03, 0x1A, 0xFF, 0x01, 0xFE, 0x01, 0x1F, 0x39, 0xFF,
    0x01, 0xF8, 0x01, 0x0F, 0x0C, 0xFF, 0x01, 0x01, 0x1A, 0xFF, 0x01, 0xFE, 0x01, 0x1F, 0x39, 0xFF,
    0x01, 0xE0, 0x01, 0x1F, 0x0C, 0xFF, 0x01, 0x80, 0x01, 0x7F, 0x19, 0xFF, 0x01, 0xFE, 0x01, 0x1F,
    0x39, 0xFF, 0x01, 0xC0, 0x01, 0x7F, 0x0C, 0xFF, 0x01, 0xE0, 0x01, 0x3F, 0x19, 0xFF, 0x01, 0xFE,
    0x01, 0x1F, 0x39, 0xFF, 0x01, 0x80, 0x0D, 0xFF, 0x01, 0xF0, 0x01, 0x1F, 0x19, 0xFF, 0x01, 0xFE,
    0x01, 0x1F, 0x38, 0xFF, 0x01, 0xFE, 0x01, 0x03, 0x0D, 0xFF, 0x01, 0xFC, 0x01, 0x07, 0x19, 0xFF,
    0x01, 0xFE, 0x01, 0x1F, 0x02, 0xFF, 0x01, 0xFC, 0x18, 0x00, 0x01, 0x07, 0x1C, 0xFF, 0x01, 0xFC,
    0x01, 0x07, 0x0D, 0xFF, 0x01, 0xFE, 0x01, 0x03, 0x19, 0xFF, 0x01, 0xFE, 0x01, 0x1F, 0x02, 0xFF,
    0x01, 0xFC, 0x18, 0x00, 0x01, 0x07, 0x1C, 0xFF, 0x01, 0xF8, 0x01, 0x0F, 0x0E, 0xFF, 0x01, 0x01,
    0x19, 0xFF, 0x01, 0xFE, 0x01, 0x1F, 0x02, 0xFF, 0x01, 0xFC, 0x18, 0x00, 0x01, 0x07, 0x1C, 0xFF,
    0x01, 0xF0, 0x01, 0x3F, 0x0E, 0xFF, 0x01, 0xC0, 0x19, 0xFF, 0x01, 0xFE, 0x01, 0x1F, 0x02, 0xFF,
    0x01, 0xFC, 0x01, 0x7F, 0x17, 0xFF, 0x01, 0xC7, 0x1C, 0xFF, 0x01, 0xE0, 0x01, 0x7F, 0x0E, 0xFF,
    0x01, 0xE0, 0x01, 0x7F, 0x18, 0xFF, 0x01, 0xFE, 0x01, 0x1F, 0x02, 0xFF, 0x01, 0xFC, 0x01, 0x7F,
    0x17, 0xFF, 0x01, 0xC7, 0x1C, 0xFF, 0x01, 0xC0, 0x0F, 0xFF, 0x01, 0xF0, 0x01, 0x3F, 0x18, 0xFF,
    0x01, 0xFE, 0x01, 0x1F, 0x02, 0xFF, 0x01, 0xFC, 0x01, 0x7F, 0x17, 0xFF, 0x01, 0xC7, 0x1C, 0xFF,
    0x01, 0x81, 0x0F, 0xFF, 0x01, 0xF8, 0x01, 0x1F, 0x18, 0xFF, 0x01, 0xFE, 0x01, 0x1F, 0x02, 0xFF,
    0x01, 0xFC, 0x01, 0x7F, 0x17, 0xFF, 0x01, 0xC7, 0x1C, 0xFF, 0x01, 0x03, 0x0F, 0xFF, 0x01, 0xFC,
    0x01, 0x0F, 0x18, 0xFF, 0x01, 0xFE, 0x01, 0x1F, 0x02, 0xFF, 0x01, 0xFC, 0x01, 0x7F, 0x17, 0xFF,
    0x01, 0xC7, 0x1B, 0xFF, 0x01, 0xFE, 0x01, 0x07, 0x0F, 0xFF, 0x01, 0xFE, 0x01, 0x07, 0x18, 0xFF,
    0x01, 0xFE, 0x01, 0x1F, 0x02, 0xFF, 0x01, 0xFC, 0x01, 0x7F, 0x17, 0xFF, 0x01, 0xC7, 0x1B, 0xFF,
    0x01, 0xFC, 0x01, 0x0F, 0x10, 0xFF, 0x01, 0x03, 0x18, 0xFF, 0x01, 0xFE, 0x01, 0x1F, 0x02, 0xFF,
    0x01, 0xFC, 0x01, 0x7F, 0x17, 0xFF, 0x01, 0xC7, 0x1B, 0xFF, 0x01, 0xF8, 0x01, 0x1F, 0x10, 0xFF,
    0x01, 0x81, 0x18, 0xFF, 0x01, 0xFE, 0x01, 0x1F, 0x02, 0xFF, 0x01, 0xFC, 0x01, 0x7F, 0x17, 0xFF,
    0x01, 0xC7, 0x1B, 0xFF, 0x01, 0xF0, 0x01, 0x3F, 0x10, 0xFF, 0x01, 0xC0, 0x18, 0xFF, 0x01, 0xFE,
    0x01, 0x1F, 0x02, 0xFF, 0x01, 0xFC, 0x01, 0x7F, 0x17, 0xFF, 0x01, 0xC7, 0x1B, 0xFF, 0x01, 0xE0,
    0x01, 0x7F, 0x10, 0xFF, 0x01, 0xE0, 0x01, 0x7F, 0x17, 0xFF, 0x01, 0xFE, 0x01, 0x1F, 0x02, 0xFF,
    0x01, 0xFC, 0x01, 0x7F, 0x17, 0xFF, 0x01, 0xC7, 0x1B, 0xFF, 0x01, 0xC0, 0x11, 0xFF, 0x01, 0xF0,
    0x01, 0x3F, 0x17, 0xFF, 0x01, 0xFE, 0x01, 0x1F, 0x02, 0xFF, 0x01, 0xFC, 0x01, 0x7F, 0x17, 0xFF,
    0x01, 0xC7, 0x1B, 0xFF, 0x01, 0xC1, 0x11, 0xFF, 0x01, 0xF8, 0x01, 0x3F, 0x17, 0xFF, 0x01, 0xFE,
    0x01, 0x1F, 0x02, 0xFF, 0x01, 0xFC, 0x01, 0x7F, 0x17, 0xFF, 0x01, 0xC7, 0x1B, 0xFF, 0x01, 0x83,
    0x11, 0xFF, 0x01, 0xFC, 0x01, 0x1F, 0x17, 0xFF, 0x01, 0xFE, 0x01, 0x1F, 0x02, 0xFF, 0x01, 0xFC,
    0x01, 0x7F, 0x17, 0xFF, 0x01, 0xC7, 0x1B, 0xFF, 0x01, 0x07, 0x11, 0xFF, 0x01, 0xFE, 0x01, 0x0F,
    0x17, 0xFF, 0x01, 0xFE, 0x01, 0x1F, 0x02, 0xFF, 0x01, 0xFC, 0x01, 0x7F, 0x01, 0xF8, 0x01, 0x19,
    0x01, 0x9A, 0x01, 0x1C, 0x01, 0x01, 0x01, 0x9A, 0x01, 0x1F, 0x10, 0xFF, 0x01, 0xC7, 0x1A, 0xFF,
    0x01, 0xFE, 0x01, 0x07, 0x11, 0xFF, 0x01, 0xFE, 0x01, 0x07, 0x17, 0xFF, 0x01, 0xFE, 0x01, 0x1F,
    0x02, 0xFF, 0x01, 0xFC, 0x01, 0x7F, 0x01, 0xFC, 0x01, 0xF9, 0x01, 0x80, 0x01, 0x5D, 0x01, 0xF9,
    0x01, 0x80, 0x01, 0x5F, 0x10, 0xFF, 0x01, 0xC7, 0x1A, 0xFF, 0x01, 0xFE, 0x01, 0x0F, 0x12, 0xFF,
    0x01, 0x07, 0x17, 0xFF, 0x01, 0xFE, 0x01, 0x1F, 0x02, 0xFF, 0x01, 0xFC, 0x01, 0x7F, 0x01, 0xFD,
    0x01, 0xA1, 0x01, 0x9A, 0x01, 0x5D, 0x01, 0xF9, 0x01, 0x9A, 0x01, 0x5F, 0x10, 0xFF, 0x01, 0xC7,
    0x1A, 0xFF, 0x01, 0xFC, 0x01, 0x1F, 0x12, 0xFF, 0x01, 0x83, 0x17, 0xFF, 0x01, 0xFE, 0x01, 0x1F,
    0x02, 0xFF, 0x01, 0xFC, 0x01, 0x7F, 0x01, 0xF1, 0x01, 0xA1, 0x01, 0x82, 0x01, 0x1D, 0x01, 0xF9,
    0x01, 0x82, 0x01, 0x1F, 0x10, 0xFF, 0x01, 0xC7, 0x1A, 0xFF, 0x01, 0xF8, 0x01, 0x3F, 0x12, 0xFF,
    0x01, 0xC1, 0x17, 0xFF, 0x01, 0xFE, 0x01, 0x1F, 0x02, 0xFF, 0x01, 0xFC, 0x01, 0x7F, 0x01, 0xF8,
    0x01, 0x01, 0x01, 0x9A, 0x01, 0x5C, 0x01, 0x01, 0x01, 0x9A, 0x01, 0x5F, 0x10, 0xFF, 0x01, 0xC7,
    0x1A, 0xFF, 0x01, 0xF0, 0x01, 0x3F, 0x12, 0xFF, 0x01, 0xC0, 0x17, 0xFF, 0x01, 0xFE, 0x01, 0x1F,
    0x02, 0xFF, 0x01, 0xFC, 0x01, 0x7F, 0x01, 0xFF, 0x01, 0x81, 0x01, 0x82, 0x01, 0x5D, 0x01, 0xF9,
    0x01, 0x82, 0x01, 0x5F, 0x10, 0xFF, 0x01, 0xC7, 0x1A, 0xFF, 0x01, 0xF0, 0x01, 0x7F, 0x07, 0xFF,
    0x01, 0x80, 0x01, 0x77, 0x01, 0xF1, 0x08, 0xFF, 0x01, 0xE0, 0x17, 0xFF, 0x01, 0xFE, 0x01, 0x1F,
    0x02, 0xFF, 0x01, 0xFC, 0x01, 0x7F, 0x01, 0xFE, 0x01, 0x61, 0x01, 0x9A, 0x01, 0x1D, 0x01, 0xF9,
    0x01, 0x9A, 0x01, 0x1F, 0x10, 0xFF, 0x01, 0xC7, 0x1A, 0xFF, 0x01, 0xE0, 0x08, 0xFF, 0x01, 0xF3,
    0x01, 0xC7, 0x01, 0xC0, 0x08, 0xFF, 0x01, 0xF0, 0x01, 0x7F, 0x07, 0xFF, 0x01, 0x3F, 0x01, 0xE0,
    0x01, 0x06, 0x01, 0x00, 0x01, 0x3C, 0x01, 0x00, 0x01, 0x7F, 0x08, 0xFF, 0x01, 0xFE, 0x01, 0x1F,
    0x02, 0xFF, 0x01, 0xFC, 0x01, 0x7F, 0x01, 0xF0, 0x01, 0x01, 0x01, 0x00, 0x01, 0xDD, 0x01, 0xF9,
    0x01, 0x00, 0x01, 0xDF, 0x10, 0xFF, 0x01, 0xC7, 0x1A, 0xFF, 0x01, 0xE0, 0x08, 0xFF, 0x01, 0x80,
    0x01, 0x07, 0x01, 0xC4, 0x01, 0x7F, 0x07, 0xFF, 0x01, 0xF0, 0x01, 0x7F, 0x07, 0xFF, 0x01, 0x3F,
    0x02, 0xE7, 0x01, 0xFF, 0x01, 0x3C, 0x01, 0xEE, 0x01, 0x7F, 0x08, 0xFF, 0x01, 0xFE, 0x01, 0x1F,
    0x02, 0xFF, 0x01, 0xFC, 0x01, 0x7F, 0x01, 0xFE, 0x01, 0x61, 0x01, 0xD6, 0x01, 0xDD, 0x01, 0xF9,
    0x01, 0xD6, 0x01, 0xDF, 0x10, 0xFF, 0x01, 0xC7, 0x1A, 0xFF, 0x01, 0xC1, 0x08, 0xFF, 0x01, 0xF3,
    0x01, 0xC6, 0x01, 0x1F, 0x01, 0x3F, 0x07, 0xFF, 0x01, 0xF8, 0x01, 0x3F, 0x06, 0xFF, 0x01, 0xE0,
    0x01, 0x01, 0x02, 0xE7, 0x01, 0xFF, 0x01, 0x3C, 0x01, 0xEE, 0x01, 0x7F, 0x08, 0xFF, 0x01, 0xFE,
    0x01, 0x1F, 0x02, 0xFF, 0x01, 0xFC, 0x01, 0x7F, 0x01, 0xFE, 0x01, 0x79, 0x01, 0x00, 0x01, 0xDC,
    0x01, 0x01, 0x01, 0x00, 0x01, 0xDF, 0x10, 0xFF, 0x01, 0xC7, 0x1A, 0xFF, 0x01, 0x83, 0x08, 0xFF,
    0x01, 0xC0, 0x01, 0x06, 0x01, 0x00, 0x01, 0x0F, 0x07, 0xFF, 0x01, 0xFC, 0x01, 0x1F, 0x06, 0xFF,
    0x01, 0xFE, 0x01, 0x1F, 0x02, 0xE7, 0x01, 0x3F, 0x01, 0x3C, 0x01, 0x00, 0x01, 0x7F, 0x08, 0xFF,
    0x01, 0xFE, 0x01, 0x1F, 0x02, 0xFF, 0x01, 0xFC, 0x01, 0x7F, 0x01, 0xF8, 0x01, 0x01, 0x01, 0x30,
    0x01, 0x9D, 0x01, 0xF9, 0x01, 0x30, 0x01, 0x9F, 0x10, 0xFF, 0x01, 0xC7, 0x1A, 0xFF, 0x01, 0x83,
    0x08, 0xFF, 0x01, 0x80, 0x01, 0xC7, 0x01, 0xFB, 0x08, 0xFF, 0x01, 0xFC, 0x01, 0x1F, 0x06, 0xFF,
    0x01, 0xFE, 0x01, 0x0F, 0x01, 0xE0, 0x01, 0x07, 0x01, 0x3F, 0x01, 0x3C, 0x01, 0xEE, 0x01, 0x7F,
    0x08, 0xFF, 0x01, 0xFE, 0x01, 0x1F, 0x02, 0xFF, 0x01, 0xFC, 0x01, 0x7F, 0x17, 0xFF, 0x01, 0xC7,
    0x1A, 0xFF, 0x01, 0x07, 0x08, 0xFF, 0x01, 0xC0, 0x01, 0x86, 0x01, 0x00, 0x01, 0x1F, 0x07, 0xFF,
    0x01, 0xFE, 0x01, 0x0F, 0x06, 0xFF, 0x01, 0xFC, 0x01, 0x0F, 0x02, 0xE7, 0x01, 0x00, 0x01, 0x3C,
    0x01, 0xEE, 0x01, 0x7F, 0x08, 0xFF, 0x01, 0xFE, 0x01, 0x1F, 0x02, 0xFF, 0x01, 0xFC, 0x01, 0x7F,
    0x17, 0xFF, 0x01, 0xC7, 0x1A, 0xFF, 0x01, 0x07, 0x08, 0xFF, 0x01, 0x80, 0x01, 0x07, 0x01, 0xFB,
    0x08, 0xFF, 0x01, 0xFE, 0x01, 0x0F, 0x06, 0xFF, 0x01, 0xF9, 0x01, 0x27, 0x02, 0xE7, 0x01, 0x3F,
    0x01, 0xFC, 0x01, 0x00, 0x01, 0x7F, 0x08, 0xFF, 0x01, 0xFE, 0x01, 0x1F, 0x02, 0xFF, 0x01, 0xFC,
    0x01, 0x7F, 0x17, 0xFF, 0x01, 0xC7, 0x19, 0xFF, 0x01, 0xFE, 0x01, 0x0F, 0x08, 0xFF, 0x01, 0xC0,
    0x01, 0xC7, 0x01, 0x9B, 0x01, 0x7F, 0x08, 0xFF, 0x01, 0x07, 0x06, 0xFF, 0x01, 0xF1, 0x01, 0x33,
    0x01, 0xC0, 0x01, 0x07, 0x01, 0x3F, 0x01, 0x9C, 0x01, 0xEE, 0x01, 0x7F, 0x08, 0xFF, 0x01, 0xFE,
    0x01, 0x1F, 0x02, 0xFF, 0x01, 0xFC, 0x01, 0x7F, 0x17, 0xFF, 0x01, 0xC7, 0x19, 0xFF, 0x01, 0xFC,
    0x01, 0x1F, 0x08, 0xFF, 0x01, 0x82, 0x01, 0x77, 0x01, 0x1B, 0x01, 0x1F, 0x08, 0xFF, 0x01, 0x83,
    0x06, 0xFF, 0x01, 0xE3, 0x01, 0x39, 0x01, 0xCF, 0x01, 0xE7, 0x01, 0x3F, 0x01, 0x8D, 0x01, 0xEE,
    0x01, 0x7F, 0x08, 0xFF, 0x01, 0xFE, 0x01, 0x1F, 0x02, 0xFF, 0x01, 0xFC, 0x01, 0x7F, 0x17, 0xFF,
    0x01, 0xC7, 0x19, 0xFF, 0x01, 0xFC, 0x01, 0x1F, 0x08, 0xFF, 0x01, 0xB3, 0x01, 0xF6, 0x01, 0x73,
    0x01, 0x8F, 0x08, 0xFF, 0x01, 0x83, 0x06, 0xFF, 0x01, 0xE0, 0x01, 0x04, 0x01, 0xCF, 0x01, 0xE7,
    0x01, 0x3F, 0x01, 0xC9, 0x01, 0xEE, 0x01, 0x7F, 0x08, 0xFF, 0x01, 0xFE, 0x01, 0x1F, 0x02, 0xFF,
    0x01, 0xFC, 0x01, 0x7F, 0x17, 0xFF, 0x01, 0xC7, 0x19, 0xFF, 0x01, 0xFC, 0x01, 0x3F, 0x08, 0xFF,
    0x01, 0xF3, 0x01, 0x87, 0x01, 0xC3, 0x09, 0xFF, 0x01, 0xC3, 0x07, 0xFF, 0x01, 0x3F, 0x01, 0x8F,
    0x01, 0xC7, 0x01, 0x3F, 0x01, 0x91, 0x01, 0xEE, 0x01, 0x7F, 0x08, 0xFF, 0x01, 0xFE, 0x01, 0x1F,
    0x02, 0xFF, 0x01, 0xFC, 0x01, 0x7F, 0x17, 0xFF, 0x01, 0xC7, 0x19, 0xFF, 0x01, 0xF8, 0x01, 0x3F,
    0x14, 0xFF, 0x01, 0xC1, 0x07, 0xFF, 0x01, 0x3F, 0x01, 0x9E, 0x01, 0x0F, 0x01, 0x80, 0x01, 0x1D,
    0x01, 0xE0, 0x01, 0x7F, 0x08, 0xFF, 0x01, 0xFE, 0x01, 0x1F, 0x02, 0xFF, 0x01, 0xFC, 0x01, 0x7F,
    0x17, 0xFF, 0x01, 0xC7, 0x19, 0xFF, 0x01, 0xF8, 0x01, 0x7F, 0x14, 0xFF, 0x01, 0xE1, 0x16, 0xFF,
    0x01, 0xFE, 0x01, 0x1F, 0x02, 0xFF, 0x01, 0xFC, 0x01, 0x7F, 0x17, 0xFF, 0x01, 0xC7, 0x19, 0xFF,
    0x01, 0xF0, 0x01, 0x7F, 0x14, 0xFF, 0x01, 0xE0, 0x16, 0xFF, 0x01, 0xFE, 0x01, 0x1F, 0x02, 0xFF,
    0x01, 0xFC, 0x01, 0x7F, 0x17, 0xFF, 0x01, 0xC7, 0x19, 0xFF, 0x01, 0xF0, 0x01, 0x7F, 0x14, 0xFF,
    0x01, 0xE0, 0x16, 0xFF, 0x01, 0xFE, 0x01, 0x1F, 0x02, 0xFF, 0x01, 0xFC, 0x01, 0x7F, 0x17, 0xFF,
    0x01, 0xC7, 0x19, 0xFF, 0x01, 0xE0, 0x15, 0xFF, 0x01, 0xF0, 0x01, 0x7F, 0x15, 0xFF, 0x01, 0xFE,
    0x01, 0x1F, 0x02, 0xFF, 0x01, 0xFC, 0x01, 0x7F, 0x17, 0xFF, 0x01, 0xC7, 0x19, 0xFF, 0x01, 0xE0,
    0x15, 0xFF, 0x01, 0xF0, 0x01, 0x7F, 0x15, 0xFF, 0x01, 0xFE, 0x01, 0x1F, 0x02, 0xFF, 0x01, 0xFC,
    0x01, 0x7F, 0x17, 0xFF, 0x01, 0xC7, 0x19, 0xFF, 0x01, 0xC1, 0x15, 0xFF, 0x01, 0xF8, 0x01, 0x3F,
    0x15, 0xFF, 0x01, 0xFE, 0x01, 0x1F, 0x02, 0xFF, 0x01, 0xFC, 0x01, 0x7F, 0x17, 0xFF, 0x01, 0xC7,
    0x19, 0xFF, 0x01, 0xC1, 0x15, 0xFF, 0x01, 0xF8, 0x01, 0x3F, 0x15, 0xFF, 0x01, 0xFE, 0x01, 0x1F,
    0x02, 0xFF, 0x01, 0xFC, 0x01, 0x7F, 0x17, 0xFF, 0x01, 0xC7, 0x19, 0xFF, 0x01, 0xC3, 0x15, 0xFF,
    0x01, 0xF8, 0x01, 0x3F, 0x15, 0xFF, 0x01, 0xFE, 0x01, 0x1F, 0x02, 0xFF, 0x01, 0xFC, 0x01, 0x7F,
    0x17, 0xFF, 0x01, 0xC7, 0x19, 0xFF, 0x01, 0x83, 0x15, 0xFF, 0x01, 0xFC, 0x01, 0x1F, 0x15, 0xFF,
    0x01, 0xFE, 0x01, 0x1F, 0x02, 0xFF, 0x01, 0xFC, 0x01, 0x7F, 0x17, 0xFF, 0x01, 0xC7, 0x19, 0xFF,
    0x01, 0x83, 0x15, 0xFF, 0x01, 0xFC, 0x01, 0x1F, 0x15, 0xFF, 0x01, 0xFE, 0x01, 0x1F, 0x02, 0xFF,
    0x01, 0xFC, 0x01, 0x7F, 0x17, 0xFF, 0x01, 0xC7, 0x19, 0xFF, 0x01, 0x87, 0x15, 0xFF, 0x01, 0xFE,
    0x01, 0x1F, 0x15, 0xFF, 0x01, 0xFE, 0x01, 0x1F, 0x02, 0xFF, 0x01, 0xFC, 0x01, 0x7F, 0x17, 0xFF,
    0x01, 0xC7, 0x19, 0xFF, 0x01, 0x07, 0x15, 0xFF, 0x01, 0xFE, 0x01, 0x0F, 0x15, 0xFF, 0x01, 0xFE,
    0x01, 0x1F, 0x02, 0xFF, 0x01, 0xFC, 0x01, 0x7F, 0x17, 0xFF, 0x01, 0xC7, 0x19, 0xFF, 0x01, 0x07,
    0x15, 0xFF, 0x01, 0xFE, 0x01, 0x0F, 0x15, 0xFF, 0x01, 0xFE, 0x01, 0x1F, 0x02, 0xFF, 0x01, 0xFC,
    0x01, 0x7F, 0x17, 0xFF, 0x01, 0xC7, 0x19, 0xFF, 0x01, 0x0F, 0x16, 0xFF, 0x01, 0x0F, 0x15, 0xFF,
    0x01, 0xFE, 0x01, 0x1F, 0x02, 0xFF, 0x01, 0xFC, 0x01, 0x7F, 0x17, 0xFF, 0x01, 0xC7, 0x18, 0xFF,
    0x01, 0xFE, 0x01, 0x0F, 0x16, 0xFF, 0x01, 0x07, 0x15, 0xFF, 0x01, 0xFE, 0x01, 0x1F, 0x02, 0xFF,
    0x01, 0xFC, 0x01, 0x7F, 0x17, 0xFF, 0x01, 0xC7, 0x18, 0xFF, 0x01, 0xFE, 0x01, 0x0F, 0x16, 0xFF,
    0x01, 0x07, 0x15, 0xFF, 0x01, 0xFE, 0x01, 0x1F, 0x02, 0xFF, 0x01, 0xFC, 0x01, 0x7F, 0x17, 0xFF,
    0x01, 0xC7, 0x18, 0xFF, 0x01, 0xFE, 0x01, 0x0F, 0x16, 0xFF, 0x01, 0x07, 0x15, 0xFF, 0x01, 0xFE,
    0x01, 0x1F, 0x02, 0xFF, 0x01, 0xFC, 0x01, 0x7F, 0x17, 0xFF, 0x01, 0xC7, 0x18, 0xFF, 0x01, 0xFE,
    0x01, 0x1F, 0x16, 0xFF, 0x01, 0x87, 0x15, 0xFF, 0x01, 0xFE, 0x01, 0x1F, 0x02, 0xFF, 0x01, 0xFC,
    0x01, 0x7F, 0x17, 0xFF, 0x01, 0xC7, 0x18, 0xFF, 0x01, 0xFC, 0x01, 0x1F, 0x16, 0xFF, 0x01, 0x83,
    0x15, 0xFF, 0x01, 0xFE, 0x01, 0x1F, 0x02, 0xFF, 0x01, 0xFC, 0x01, 0x7F, 0x17, 0xFF, 0x01, 0xC7,
    0x18, 0xFF, 0x01, 0xFC, 0x01, 0x1F, 0x16, 0xFF, 0x01, 0x83, 0x15, 0xFF, 0x01, 0xFE, 0x01, 0x1F,
    0x02, 0xFF, 0x01, 0xFC, 0x01, 0x7F, 0x17, 0xFF, 0x01, 0xC7, 0x18, 0xFF, 0x01, 0xFC, 0x01, 0x1F,
    0x16, 0xFF, 0x01, 0x83, 0x15, 0xFF, 0x01, 0xFE, 0x01, 0x1F, 0x02, 0xFF, 0x01, 0xFC, 0x01, 0x7F,
    0x17, 0xFF, 0x01, 0xC7, 0x18, 0xFF, 0x01, 0xFC, 0x01, 0x3F, 0x16, 0xFF, 0x01, 0xC3, 0x15, 0xFF,
    0x01, 0xFE, 0x01, 0x1F, 0x02, 0xFF, 0x01, 0xFC, 0x01, 0x7F, 0x17, 0xFF, 0x01, 0xC7, 0x18, 0xFF,
    0x01, 0xFC, 0x01, 0x3F, 0x16, 0xFF, 0x01, 0xC3, 0x15, 0xFF, 0x01, 0xFE, 0x01, 0x1F, 0x02, 0xFF,
    0x01, 0xFC, 0x01, 0x7F, 0x17, 0xFF, 0x01, 0xC7, 0x18, 0xFF, 0x01, 0xF8, 0x01, 0x3F, 0x16, 0xFF,
    0x01, 0xC1, 0x15, 0xFF, 0x01, 0xFE, 0x01, 0x1F, 0x02, 0xFF, 0x01, 0xFC, 0x01, 0x7F, 0x17, 0xFF,
    0x01, 0xC7, 0x18, 0xFF, 0x01, 0xF8, 0x01, 0x3F, 0x16, 0xFF, 0x01, 0xC1, 0x15, 0xFF, 0x01, 0xFE,
    0x01, 0x1F, 0x02, 0xFF, 0x01, 0xFC, 0x01, 0x7F, 0x17, 0xFF, 0x01, 0xC7, 0x18, 0xFF, 0x01, 0xF8,
    0x01, 0x3F, 0x16, 0xFF, 0x01, 0xC1, 0x15, 0xFF, 0x01, 0xFE, 0x01, 0x1F, 0x02, 0xFF, 0x01, 0xFC,
    0x01, 0x7F, 0x17, 0xFF, 0x01, 0xC7, 0x18, 0xFF, 0x01, 0xF8, 0x01, 0x7F, 0x16, 0xFF, 0x01, 0xC1,
    0x15, 0xFF, 0x01, 0xFE, 0x01, 0x1F, 0x02, 0xFF, 0x01, 0xFC, 0x01, 0x7F, 0x17, 0xFF, 0x01, 0xC7,
    0x18, 0xFF, 0x01, 0xF8, 0x01, 0x7F, 0x16, 0xFF, 0x01, 0xE1, 0x15, 0xFF, 0x01, 0xFE, 0x01, 0x1F,
    0x02, 0xFF, 0x01, 0xFC, 0x01, 0x7F, 0x17, 0xFF, 0x01, 0xC7, 0x18, 0xFF, 0x01, 0xF8, 0x01, 0x7F,
    0x16, 0xFF, 0x01, 0xE1, 0x15, 0xFF, 0x01, 0xFE, 0x01, 0x1F, 0x02, 0xFF, 0x01, 0xFC, 0x01, 0x7F,
    0x17, 0xFF, 0x01, 0xC7, 0x18, 0xFF, 0x01, 0xF0, 0x01, 0x7F, 0x16, 0xFF, 0x01, 0xE1, 0x15, 0xFF,
    0x01, 0xFE, 0x01, 0x1F, 0x02, 0xFF, 0x01, 0xFC, 0x01, 0x7F, 0x17, 0xFF, 0x01, 0xC7, 0x18, 0xFF,
    0x01, 0xF0, 0x01, 0x7F, 0x16, 0xFF, 0x01, 0xE0, 0x15, 0xFF, 0x01, 0xFE, 0x01, 0x1F, 0x02, 0xFF,
    0x01, 0xFC, 0x01, 0x7F, 0x17, 0xFF, 0x01, 0xC7, 0x18, 0xFF, 0x01, 0xF0, 0x01, 0x7F, 0x16, 0xFF,
    0x01, 0xE0, 0x15, 0xFF, 0x01, 0xFE, 0x01, 0x1F, 0x02, 0xFF, 0x01, 0xFC, 0x01, 0x7F, 0x17, 0xFF,
    0x01, 0xC7, 0x18, 0xFF, 0x01, 0xF0, 0x01, 0x7F, 0x16, 0xFF, 0x01, 0xE0, 0x15, 0xFF, 0x01, 0xFE,
    0x01, 0x1F, 0x02, 0xFF, 0x01, 0xFC, 0x01, 0x7F, 0x17, 0xFF, 0x01, 0xC7, 0x18, 0xFF, 0x01, 0xF0,
    0x01, 0x7F, 0x16, 0xFF, 0x01, 0xE0, 0x15, 0xFF, 0x01, 0xFE, 0x01, 0x1F, 0x02, 0xFF, 0x01, 0xFC,
    0x01, 0x7F, 0x17, 0xFF, 0x01, 0xC7, 0x18, 0xFF, 0x01, 0xF0, 0x01, 0x7F, 0x16, 0xFF, 0x01, 0xE0,
    0x15, 0xFF, 0x01, 0xFE, 0x01, 0x1F, 0x02, 0xFF, 0x01, 0xFC, 0x01, 0x7F, 0x17, 0xFF, 0x01, 0xC7,
    0x18, 0xFF, 0x01, 0xF0, 0x01, 0x7F, 0x16, 0xFF, 0x01, 0xE0, 0x15, 0xFF, 0x01, 0xFE, 0x01, 0x1F,
    0x02, 0xFF, 0x01, 0xFC, 0x01, 0x7F, 0x17, 0xFF, 0x01, 0xC7, 0x18, 0xFF, 0x01, 0xF0, 0x17, 0xFF,
    0x01, 0xF0, 0x15, 0xFF, 0x01, 0xFE, 0x01, 0x1F, 0x02, 0xFF, 0x01, 0xFC, 0x01, 0x7F, 0x17, 0xFF,
    0x01, 0xC7, 0x18, 0xFF, 0x01, 0xF0, 0x17, 0xFF, 0x01, 0xF0, 0x15, 0xFF, 0x01, 0xFE, 0x01, 0x1F,
    0x02, 0xFF, 0x01, 0xFC, 0x01, 0x7F, 0x17, 0xFF, 0x01, 0xC7, 0x18, 0xFF, 0x01, 0xF0, 0x17, 0xFF,
    0x01, 0xF0, 0x15, 0xFF, 0x01, 0xFE, 0x01, 0x1F, 0x02, 0xFF, 0x01, 0xFC, 0x01, 0x7F, 0x17, 0xFF,
    0x01, 0xC7, 0x18, 0xFF, 0x01, 0xF0, 0x17, 0xFF, 0x01, 0xF0, 0x15, 0xFF, 0x01, 0xFE, 0x01, 0x1F,
    0x02, 0xFF, 0x01, 0xFC, 0x01, 0x7F, 0x17, 0xFF, 0x01, 0xC7, 0x18, 0xFF, 0x01, 0xF0, 0x17, 0xFF,
    0x01, 0xF0, 0x15, 0xFF, 0x01, 0xFE, 0x01, 0x1F, 0x02, 0xFF, 0x01, 0xFC, 0x01, 0x7F, 0x17, 0xFF,
    0x01, 0xC7, 0x18, 0xFF, 0x01, 0xF0, 0x17, 0xFF, 0x01, 0xF0, 0x15, 0xFF, 0x01, 0xFE, 0x01, 0x1F,
    0x02, 0xFF, 0x01, 0xFC, 0x01, 0x7F, 0x17, 0xFF, 0x01, 0xC7, 0x18, 0xFF, 0x01, 0xF0, 0x17, 0xFF,
    0x01, 0xF0, 0x15, 0xFF, 0x01, 0xFE, 0x01, 0x1F, 0x02, 0xFF, 0x01, 0xFC, 0x01, 0x7F, 0x17, 0xFF,
    0x01, 0xC7, 0x18, 0xFF, 0x01, 0xF0, 0x17, 0xFF, 0x01, 0xF0, 0x15, 0xFF, 0x01, 0xFE, 0x01, 0x1F,
    0x02, 0xFF, 0x01, 0xFC, 0x01, 0x7F, 0x17, 0xFF, 0x01, 0xC7, 0x18, 0xFF, 0x01, 0xF0, 0x17, 0xFF,
    0x01, 0xF0, 0x15, 0xFF, 0x01, 0xFE, 0x01, 0x1F, 0x02, 0xFF, 0x01, 0xFC, 0x01, 0x7F, 0x17, 0xFF,
    0x01, 0xC7, 0x18, 0xFF, 0x01, 0xF0, 0x17, 0xFF, 0x01, 0xF0, 0x15, 0xFF, 0x01, 0xFE, 0x01, 0x1F,
    0x02, 0xFF, 0x01, 0xFC, 0x01, 0x7F, 0x17, 0xFF, 0x01, 0xC7, 0x18, 0xFF, 0x01, 0xF0, 0x17, 0xFF,
    0x01, 0xE0, 0x15, 0xFF, 0x01, 0xFE, 0x01, 0x1F, 0x02, 0xFF, 0x01, 0xFC, 0x01, 0x7F, 0x17, 0xFF,
    0x01, 0xC7, 0x18, 0xFF, 0x01, 0xF0, 0x01, 0x7F, 0x16, 0xFF, 0x01, 0xE0, 0x15, 0xFF, 0x01, 0xFE,
    0x01, 0x1F, 0x02, 0xFF, 0x01, 0xFC, 0x01, 0x7F, 0x17, 0xFF, 0x01, 0xC7, 0x18, 0xFF, 0x01, 0xF0,
    0x01, 0x7F, 0x16, 0xFF, 0x01, 0xE0, 0x15, 0xFF, 0x01, 0xFE, 0x01, 0x1F, 0x02, 0xFF, 0x01, 0xFC,
    0x01, 0x7F, 0x17, 0xFF, 0x01, 0xC7, 0x18, 0xFF, 0x01, 0xF0, 0x01, 0x7F, 0x16, 0xFF, 0x01, 0xE0,
    0x15, 0xFF, 0x01, 0xFE, 0x01, 0x1F, 0x02, 0xFF, 0x01, 0xFC, 0x01, 0x7F, 0x17, 0xFF, 0x01, 0xC7,
    0x18, 0xFF, 0x01, 0xF0, 0x01, 0x7F, 0x16, 0xFF, 0x01, 0xE0, 0x05, 0xFF, 0x01, 0xC0, 0x0C, 0x00,
    0x01, 0x3F, 0x02, 0xFF, 0x01, 0xFE, 0x01, 0x1F, 0x02, 0xFF, 0x01, 0xFC, 0x01, 0x7F, 0x17, 0xFF,
    0x01, 0xC7, 0x18, 0xFF, 0x01, 0xF0, 0x01, 0x7F, 0x16, 0xFF, 0x01, 0xE0, 0x05, 0xFF, 0x01, 0xC0,
    0x0C, 0x00, 0x01, 0x3F, 0x02, 0xFF, 0x01, 0xFE, 0x01, 0x1F, 0x02, 0xFF, 0x01, 0xFC, 0x01, 0x7F,
    0x17, 0xFF, 0x01, 0xC7, 0x18, 0xFF, 0x01, 0xF8, 0x01, 0x7F, 0x16, 0xFF, 0x01, 0xE1, 0x05, 0xFF,
    0x01, 0xC0, 0x0C, 0x00, 0x01, 0x3F, 0x02, 0xFF, 0x01, 0xFE, 0x01, 0x1F, 0x02, 0xFF, 0x01, 0xFC,
    0x01, 0x7F, 0x17, 0xFF, 0x01, 0xC7, 0x18, 0xFF, 0x01, 0xF8, 0x01, 0x7F, 0x16, 0xFF, 0x01, 0xE1,
    0x15, 0xFF, 0x01, 0xFE, 0x01, 0x1F, 0x02, 0xFF, 0x01, 0xFC, 0x01, 0x7F, 0x17, 0xFF, 0x01, 0xC7,
    0x18, 0xFF, 0x01, 0xF8, 0x01, 0x7F, 0x16, 0xFF, 0x01, 0xE1, 0x15, 0xFF, 0x01, 0xFE, 0x01, 0x1F,
    0x02, 0xFF, 0x01, 0xFC, 0x01, 0x7F, 0x17, 0xFF, 0x01, 0xC7, 0x18, 0xFF, 0x01, 0xF8, 0x01, 0x7F,
    0x16, 0xFF, 0x01, 0xE1, 0x15, 0xFF, 0x01, 0xFE, 0x01, 0x1F, 0x02, 0xFF, 0x01, 0xFC, 0x01, 0x7F,
    0x17, 0xFF, 0x01, 0xC7, 0x18, 0xFF, 0x01, 0xF8, 0x01, 0x3F, 0x16, 0xFF, 0x01, 0xC1, 0x15, 0xFF,
    0x01, 0xFE, 0x01, 0x1F, 0x02, 0xFF, 0x01, 0xFC, 0x01, 0x7F, 0x17, 0xFF, 0x01, 0xC7, 0x18, 0xFF,
    0x01, 0xF8, 0x01, 0x3F, 0x16, 0xFF, 0x01, 0xC1, 0x15, 0xFF, 0x01, 0xFE, 0x01, 0x1F, 0x02, 0xFF,
    0x01, 0xFC, 0x01, 0x7F, 0x17, 0xFF, 0x01, 0xC7, 0x18, 0xFF, 0x01, 0xF8, 0x01, 0x3F, 0x16, 0xFF,
    0x01, 0xC1, 0x15, 0xFF, 0x01, 0xFE, 0x01, 0x1F, 0x02, 0xFF, 0x01, 0xFC, 0x01, 0x7F, 0x17, 0xFF,
    0x01, 0xC7, 0x18, 0xFF, 0x01, 0xFC, 0x01, 0x3F, 0x16, 0xFF, 0x01, 0xC3, 0x15, 0xFF, 0x01, 0xFE,
    0x01, 0x1F, 0x02, 0xFF, 0x01, 0xFC, 0x01, 0x7F, 0x17, 0xFF, 0x01, 0xC7, 0x18, 0xFF, 0x01, 0xFC,
    0x01, 0x3F, 0x16, 0xFF, 0x01, 0xC3, 0x15, 0xFF, 0x01, 0xFE, 0x01, 0x1F, 0x02, 0xFF, 0x01, 0xFC,
    0x01, 0x7F, 0x17, 0xFF, 0x01, 0xC7, 0x18, 0xFF, 0x01, 0xFC, 0x01, 0x1F, 0x16, 0xFF, 0x01, 0x83,
    0x15, 0xFF, 0x01, 0xFE, 0x01, 0x1F, 0x02, 0xFF, 0x01, 0xFC, 0x01, 0x7F, 0x17, 0xFF, 0x01, 0xC7,
    0x18, 0xFF, 0x01, 0xFC, 0x01, 0x1F, 0x16, 0xFF, 0x01, 0x83, 0x15, 0xFF, 0x01, 0xFE, 0x01, 0x1F,
    0x02, 0xFF, 0x01, 0xFC, 0x01, 0x7F, 0x17, 0xFF, 0x01, 0xC7, 0x18, 0xFF, 0x01, 0xFC, 0x01, 0x1F,
    0x16, 0xFF, 0x01, 0x83, 0x15, 0xFF, 0x01, 0xFE, 0x01, 0x1F, 0x02, 0xFF, 0x01, 0xFC, 0x01, 0x7F,
    0x17, 0xFF, 0x01, 0xC7, 0x18, 0xFF, 0x01, 0xFE, 0x01, 0x1F, 0x16, 0xFF, 0x01, 0x87, 0x15, 0xFF,
    0x01, 0xFE, 0x01, 0x1F, 0x02, 0xFF, 0x01, 0xFC, 0x01, 0x7F, 0x17, 0xFF, 0x01, 0xC7, 0x18, 0xFF,
    0x01, 0xFE, 0x01, 0x0F, 0x16, 0xFF, 0x01, 0x07, 0x15, 0xFF, 0x01, 0xFE, 0x01, 0x1F, 0x02, 0xFF,
    0x01, 0xFC, 0x01, 0x7F, 0x17, 0xFF, 0x01, 0xC7, 0x18, 0xFF, 0x01, 0xFE, 0x01, 0x0F, 0x16, 0xFF,
    0x01, 0x07, 0x15, 0xFF, 0x01, 0xFE, 0x01, 0x1F, 0x02, 0xFF, 0x01, 0xFC, 0x18, 0x00, 0x01, 0x07,
    0x18, 0xFF, 0x01, 0xFE, 0x01, 0x0F, 0x16, 0xFF, 0x01, 0x07, 0x15, 0xFF, 0x01, 0xFE, 0x01, 0x1F,
    0x02, 0xFF, 0x01, 0xFC, 0x18, 0x00, 0x01, 0x07, 0x19, 0xFF, 0x01, 0x0F, 0x16, 0xFF, 0x01, 0x0F,
    0x15, 0xFF, 0x01, 0xFE, 0x01, 0x1F, 0x02, 0xFF, 0x01, 0xFC, 0x18, 0x00, 0x01, 0x07, 0x19, 0xFF,
    0x01, 0x07, 0x15, 0xFF, 0x01, 0xFE, 0x01, 0x0F, 0x05, 0xFF, 0x01, 0xF8, 0x01, 0x01, 0x01, 0xFE,
    0x01, 0x7F, 0x01, 0x98, 0x01, 0x0F, 0x01, 0xE7, 0x09, 0xFF, 0x01, 0xFE, 0x01, 0x1F, 0x35, 0xFF,
    0x01, 0x07, 0x15, 0xFF, 0x01, 0xFE, 0x01, 0x0F, 0x05, 0xFF, 0x02, 0xF9, 0x01, 0x80, 0x01, 0x02,
    0x01, 0x06, 0x01, 0x78, 0x01, 0x00, 0x01, 0x3F, 0x08, 0xFF, 0x01, 0xFE, 0x01, 0x1F, 0x35, 0xFF,
    0x01, 0x87, 0x15, 0xFF, 0x01, 0xFE, 0x01, 0x1F, 0x05, 0xFF, 0x02, 0xF9, 0x01, 0x91, 0x01, 0xCE,
    0x01, 0xF8, 0x01, 0x09, 0x01, 0x1C, 0x09, 0xFF, 0x01, 0xFE, 0x01, 0x1F, 0x35, 0xFF, 0x01, 0x83,
    0x15, 0xFF, 0x01, 0xFC, 0x01, 0x1F, 0x05, 0xFF, 0x02, 0xF9, 0x01, 0x80, 0x01, 0x03, 0x01, 0x01,
    0x01, 0x88, 0x01, 0x00, 0x01, 0x3F, 0x08, 0xFF, 0x01, 0xFE, 0x01, 0x1F, 0x35, 0xFF, 0x01, 0x83,
    0x15, 0xFF, 0x01, 0xFC, 0x01, 0x1F, 0x05, 0xFF, 0x01, 0xF8, 0x01, 0x01, 0x01, 0x91, 0x01, 0xCE,
    0x01, 0x69, 0x01, 0x09, 0x01, 0x1C, 0x09, 0xFF, 0x01, 0xFE, 0x01, 0x1F, 0x35, 0xFF, 0x01, 0xC3,
    0x15, 0xFF, 0x01, 0xF8, 0x01, 0x3F, 0x05, 0xFF, 0x02, 0xF9, 0x01, 0x90, 0x01, 0x0E, 0x02, 0x09,
    0x01, 0x00, 0x09, 0xFF, 0x01, 0xFE, 0x01, 0x1F, 0x35, 0xFF, 0x01, 0xC1, 0x09, 0xFF, 0x01, 0xFE,
    0x01, 0x06, 0x01, 0x03, 0x09, 0xFF, 0x01, 0xF8, 0x01, 0x3F, 0x05, 0xFF, 0x02, 0xF9, 0x01, 0x9F,
    0x01, 0xFE, 0x01, 0x21, 0x01, 0x09, 0x0A, 0xFF, 0x01, 0xFE, 0x01, 0x1F, 0x35, 0xFF, 0x01, 0xC1,
    0x09, 0xFF, 0x01, 0xFC, 0x01, 0x06, 0x01, 0x01, 0x09, 0xFF, 0x01, 0xF8, 0x01, 0x3F, 0x05, 0xFF,
    0x01, 0xF0, 0x01, 0x01, 0x01, 0x80, 0x01, 0x06, 0x01, 0x01, 0x01, 0x08, 0x01, 0x00, 0x01, 0x7F,
    0x08, 0xFF, 0x01, 0xFE, 0x01, 0x1F, 0x35, 0xFF, 0x01, 0xE0, 0x09, 0xFF, 0x01, 0xFC, 0x01, 0x7E,
    0x01, 0x31, 0x09, 0xFF, 0x01, 0xF0, 0x01, 0x7F, 0x05, 0xFF, 0x01, 0xF3, 0x01, 0xF9, 0x01, 0x91,
    0x01, 0x8E, 0x01, 0x46, 0x01, 0x79, 0x01, 0x18, 0x09, 0xFF, 0x01, 0xFE, 0x01, 0x1F, 0x35, 0xFF,
    0x01, 0xE0, 0x09, 0xFF, 0x01, 0xF8, 0x01, 0xFE, 0x01, 0x39, 0x09, 0xFF, 0x01, 0xF0, 0x01, 0x7F,
    0x05, 0xFF, 0x01, 0xF3, 0x01, 0xF9, 0x01, 0x1C, 0x01, 0x1E, 0x01, 0x44, 0x01, 0x11, 0x01, 0xC1,
    0x09, 0xFF, 0x01, 0xFE, 0x01, 0x1F, 0x35, 0xFF, 0x01, 0xF0, 0x01, 0x7F, 0x08, 0xFF, 0x01, 0xF9,
    0x01, 0xFE, 0x01, 0x03, 0x09, 0xFF, 0x01, 0xE0, 0x06, 0xFF, 0x01, 0xE3, 0x01, 0xF1, 0x01, 0x30,
    0x01, 0x0E, 0x01, 0x00, 0x01, 0x83, 0x01, 0x00, 0x09, 0xFF, 0x01, 0xFE, 0x01, 0x1F, 0x35, 0xFF,
    0x01, 0xF0, 0x01, 0x7F, 0x08, 0xFF, 0x01, 0xF9, 0x01, 0xC2, 0x01, 0x01, 0x09, 0xFF, 0x01, 0xE0,
    0x06, 0xFF, 0x01, 0xE7, 0x01, 0x83, 0x01, 0x87, 0x01, 0xE2, 0x01, 0x41, 0x01, 0xD8, 0x01, 0x7E,
    0x01, 0x3F, 0x08, 0xFF, 0x01, 0xFE, 0x01, 0x1F, 0x35, 0xFF, 0x01, 0xF8, 0x01, 0x3F, 0x08, 0xFF,
    0x01, 0xF9, 0x01, 0xC2, 0x01, 0x38, 0x09, 0xFF, 0x01, 0xC1, 0x16, 0xFF, 0x01, 0xFE, 0x01, 0x1F,
    0x35, 0xFF, 0x01, 0xF8, 0x01, 0x3F, 0x08, 0xFF, 0x01, 0xF1, 0x01, 0xF2, 0x01, 0x38, 0x09, 0xFF,
    0x01, 0xC1, 0x16, 0xFF, 0x01, 0xFE, 0x01, 0x1F, 0x35, 0xFF, 0x01, 0xF8, 0x01, 0x3F, 0x08, 0xFF,
    0x01, 0xF8, 0x01, 0xF2, 0x01, 0x38, 0x09, 0xFF, 0x01, 0xC1, 0x16, 0xFF, 0x01, 0xFE, 0x01, 0x1F,
    0x35, 0xFF, 0x01, 0xFC, 0x01, 0x1F, 0x08, 0xFF, 0x01, 0xFC, 0x01, 0x02, 0x01, 0x01, 0x09, 0xFF,
    0x01, 0x83, 0x16, 0xFF, 0x01, 0xFE, 0x01, 0x1F, 0x35, 0xFF, 0x01, 0xFC, 0x01, 0x0F, 0x08, 0xFF,
    0x01, 0xFE, 0x01, 0x06, 0x01, 0x03, 0x09, 0xFF, 0x01, 0x07, 0x16, 0xFF, 0x01, 0xFE, 0x01, 0x1F,
    0x35, 0xFF, 0x01, 0xFE, 0x01, 0x0F, 0x14, 0xFF, 0x01, 0x07, 0x16, 0xFF, 0x01, 0xFE, 0x01, 0x1F,
    0x36, 0xFF, 0x01, 0x07, 0x13, 0xFF, 0x01, 0xFE, 0x01, 0x0F, 0x16, 0xFF, 0x01, 0xFE, 0x01, 0x1F,
    0x36, 0xFF, 0x01, 0x07, 0x13, 0xFF, 0x01, 0xFE, 0x01, 0x0F, 0x16, 0xFF, 0x01, 0xFE, 0x01, 0x1F,
    0x08, 0xFF, 0x01, 0xDF, 0x02, 0xFF, 0x01, 0xAF, 0x2A, 0xFF, 0x01, 0x83, 0x13, 0xFF, 0x01, 0xFC,
    0x01, 0x1F, 0x16, 0xFF, 0x01, 0xFE, 0x01, 0x1F, 0x05, 0xFF, 0x01, 0xFD, 0x01, 0xFF, 0x01, 0xEF,
    0x03, 0xFF, 0x01, 0xAF, 0x2A, 0xFF, 0x01, 0x83, 0x13, 0xFF, 0x01, 0xFC, 0x01, 0x1F, 0x16, 0xFF,
    0x01, 0xFE, 0x01, 0x1F, 0x03, 0xFF, 0x01, 0xDF, 0x01, 0xFF, 0x01, 0xFD, 0x01, 0xFE, 0x03, 0xFF,
    0x01, 0xBF, 0x2B, 0xFF, 0x01, 0xC1, 0x13, 0xFF, 0x01, 0xF8, 0x01, 0x3F, 0x16, 0xFF, 0x01, 0xFE,
    0x01, 0x1F, 0x07, 0xFF, 0x01, 0xBF, 0x02, 0xFF, 0x01, 0xBF, 0x01, 0xAF, 0x2A, 0xFF, 0x01, 0xC0,
    0x13, 0xFF, 0x01, 0xF0, 0x01, 0x3F, 0x16, 0xFF, 0x01, 0xFE, 0x01, 0x1F, 0x05, 0xFF, 0x01, 0xFD,
    0x04, 0xFF, 0x01, 0xBF, 0x01, 0xAF, 0x2A, 0xFF, 0x01, 0xE0, 0x13, 0xFF, 0x01, 0xF0, 0x01, 0x7F,
    0x16, 0xFF, 0x01, 0xFE, 0x01, 0x1F, 0x03, 0xFF, 0x01, 0xFB, 0x01, 0xFF, 0x02, 0xFD, 0x01, 0xFF,
    0x01, 0xDF, 0x02, 0xFF, 0x01, 0xAF, 0x2A, 0xFF, 0x01, 0xF0, 0x01, 0x7F, 0x12, 0xFF, 0x01, 0xE0,
    0x17, 0xFF, 0x01, 0xFE, 0x01, 0x1F, 0x05, 0xFF, 0x01, 0xFD, 0x01, 0xFF, 0x02, 0xDF, 0x01, 0xFF,
    0x01, 0xBF, 0x01, 0xAF, 0x2A, 0xFF, 0x01, 0xF0, 0x01, 0x3F, 0x12, 0xFF, 0x01, 0xC0, 0x17, 0xFF,
    0x01, 0xFE, 0x01, 0x1F, 0x02, 0xFF, 0x01, 0xFE, 0x05, 0xFF, 0x01, 0xDF, 0x01, 0xFF, 0x01, 0xBF,
    0x01, 0xAF, 0x2A, 0xFF, 0x01, 0xF8, 0x01, 0x3F, 0x12, 0xFF, 0x01, 0x81, 0x17, 0xFF, 0x01, 0xFE,
    0x01, 0x1F, 0x05, 0xFF, 0x01, 0xF7, 0x01, 0xFF, 0x01, 0xEF, 0x01, 0xDB, 0x01, 0xFF, 0x01, 0xBF,
    0x01, 0xEF, 0x2A, 0xFF, 0x01, 0xFC, 0x01, 0x1F, 0x12, 0xFF, 0x01, 0x83, 0x17, 0xFF, 0x01, 0xFE,
    0x01, 0x1F, 0x08, 0xFF, 0x01, 0xDF, 0x01, 0xFF, 0x01, 0xBF, 0x01, 0xAF, 0x2A, 0xFF, 0x01, 0xFC,
    0x01, 0x0F, 0x12, 0xFF, 0x01, 0x03, 0x17, 0xFF, 0x01, 0xFE, 0x01, 0x1F, 0x04, 0xFF, 0x01, 0xFE,
    0x31, 0xFF, 0x01, 0xFE, 0x01, 0x07, 0x11, 0xFF, 0x01, 0xFE, 0x01, 0x07, 0x17, 0xFF, 0x01, 0xFE,
    0x01, 0x1F, 0x03, 0xFF, 0x01, 0xFD, 0x01, 0xEF, 0x01, 0xD3, 0x04, 0xFF, 0x01, 0xBD, 0x2C, 0xFF,
    0x01, 0x03, 0x11, 0xFF, 0x01, 0xFC, 0x01, 0x0F, 0x17, 0xFF, 0x01, 0xFE, 0x01, 0x1F, 0x37, 0xFF,
    0x01, 0x81, 0x11, 0xFF, 0x01, 0xF8, 0x01, 0x1F, 0x17, 0xFF, 0x01, 0xFE, 0x01, 0x1F, 0x37, 0xFF,
    0x01, 0x81, 0x11, 0xFF, 0x01, 0xF8, 0x01, 0x3F, 0x17, 0xFF, 0x01, 0xFE, 0x01, 0x1F, 0x37, 0xFF,
    0x01, 0xC0, 0x11, 0xFF, 0x01, 0xF0, 0x01, 0x3F, 0x17, 0xFF, 0x01, 0xFE, 0x01, 0x1F, 0x37, 0xFF,
    0x01, 0xE0, 0x01, 0x7F, 0x10, 0xFF, 0x01, 0xE0, 0x01, 0x7F, 0x17, 0xFF, 0x01, 0xFE, 0x01, 0x1F,
    0x37, 0xFF, 0x01, 0xF0, 0x01, 0x3F, 0x10, 0xFF, 0x01, 0xC0, 0x18, 0xFF, 0x01, 0xFE, 0x01, 0x1F,
    0x37, 0xFF, 0x01, 0xF8, 0x01, 0x1F, 0x10, 0xFF, 0x01, 0x81, 0x18, 0xFF, 0x01, 0xFE, 0x01, 0x1F,
    0x37, 0xFF, 0x01, 0xFC, 0x01, 0x0F, 0x10, 0xFF, 0x01, 0x03, 0x18, 0xFF, 0x01, 0xFE, 0x01, 0x1F,
    0x37, 0xFF, 0x01, 0xFE, 0x01, 0x07, 0x0F, 0xFF, 0x01, 0xFE, 0x01, 0x07, 0x18, 0xFF, 0x01, 0xFE,
    0x01, 0x1F, 0x38, 0xFF, 0x01, 0x03, 0x0F, 0xFF, 0x01, 0xFC, 0x01, 0x0F, 0x18, 0xFF, 0x01, 0xFE,
    0x01, 0x1F, 0x38, 0xFF, 0x01, 0x81, 0x0F, 0xFF, 0x01, 0xF8, 0x01, 0x1F, 0x18, 0xFF, 0x01, 0xFE,
    0x01, 0x1F, 0x38, 0xFF, 0x01, 0xC0, 0x0F, 0xFF, 0x01, 0xF0, 0x01, 0x3F, 0x18, 0xFF, 0x01, 0xFE,
    0x01, 0x1F, 0x38, 0xFF, 0x01, 0xE0, 0x01, 0x7F, 0x0E, 0xFF, 0x01, 0xE0, 0x01, 0x7F, 0x18, 0xFF,
    0x01, 0xFE, 0x01, 0x1F, 0x38, 0xFF, 0x01, 0xF0, 0x01, 0x3F, 0x0E, 0xFF, 0x01, 0xC0, 0x19, 0xFF,
    0x01, 0xFE, 0x01, 0x1F, 0x38, 0xFF, 0x01, 0xF8, 0x01, 0x0F, 0x0E, 0xFF, 0x01, 0x01, 0x19, 0xFF,
    0x01, 0xFE, 0x01, 0x1F, 0x38, 0xFF, 0x01, 0xFC, 0x01, 0x07, 0x0D, 0xFF, 0x01, 0xFE, 0x01, 0x03,
    0x19, 0xFF, 0x01, 0xFE, 0x01, 0x1F, 0x38, 0xFF, 0x01, 0xFE, 0x01, 0x03, 0x0D, 0xFF, 0x01, 0xFC,
    0x01, 0x07, 0x19, 0xFF, 0x01, 0xFE, 0x01, 0x1F, 0x39, 0xFF, 0x01, 0x80, 0x0D, 0xFF, 0x01, 0xF0,
    0x01, 0x1F, 0x19, 0xFF, 0x01, 0xFE, 0x01, 0x1F, 0x39, 0xFF, 0x01, 0xC0, 0x01, 0x7F, 0x0C, 0xFF,
    0x01, 0xE0, 0x01, 0x3F, 0x19, 0xFF, 0x01, 0xFE, 0x01, 0x1F, 0x39, 0xFF, 0x01, 0xE0, 0x01, 0x1F,
    0x0C, 0xFF, 0x01, 0x80, 0x01, 0x7F, 0x19, 0xFF, 0x01, 0xFE, 0x01, 0x1F, 0x39, 0xFF, 0x01, 0xF8,
    0x01, 0x0F, 0x0C, 0xFF, 0x01, 0x01, 0x1A, 0xFF, 0x01, 0xFE, 0x01, 0x1F, 0x39, 0xFF, 0x01, 0xFC,
    0x01, 0x03, 0x0B, 0xFF, 0x01, 0xFC, 0x01, 0x03, 0x1A, 0xFF, 0x01, 0xFE, 0x01, 0x1F, 0x39, 0xFF,
    0x01, 0xFE, 0x01, 0x00, 0x0B, 0xFF, 0x01, 0xF0, 0x01, 0x07, 0x1A, 0xFF, 0x01, 0xFE, 0x01, 0x1F,
    0x3A, 0xFF, 0x01, 0x80, 0x01, 0x7F, 0x0A, 0xFF, 0x01, 0xE0, 0x01, 0x1F, 0x1A, 0xFF, 0x01, 0xFE,
    0x01, 0x1F, 0x3A, 0xFF, 0x01, 0xE0, 0x01, 0x1F, 0x0A, 0xFF, 0x01, 0x80, 0x01, 0x7F, 0x1A, 0xFF,
    0x01, 0xFE, 0x01, 0x1F, 0x3A, 0xFF, 0x01, 0xF0, 0x01, 0x03, 0x09, 0xFF, 0x01, 0xFC, 0x01, 0x00,
    0x1B, 0xFF, 0x01, 0xFE, 0x01, 0x1F, 0x3A, 0xFF, 0x01, 0xFC, 0x01, 0x00, 0x09, 0xFF, 0x01, 0xF0,
    0x01, 0x03, 0x1B, 0xFF, 0x01, 0xFE, 0x01, 0x1F, 0x3B, 0xFF, 0x01, 0x00, 0x01, 0x3F, 0x08, 0xFF,
    0x01, 0xC0, 0x01, 0x0F, 0x1B, 0xFF, 0x01, 0xFE, 0x01, 0x1F, 0x3B, 0xFF, 0x01, 0x80, 0x01, 0x0F,
    0x08, 0xFF, 0x01, 0x00, 0x01, 0x3F, 0x1B, 0xFF, 0x01, 0xFE, 0x01, 0x1F, 0x3B, 0xFF, 0x01, 0xF0,
    0x01, 0x01, 0x07, 0xFF, 0x01, 0xF8, 0x01, 0x00, 0x1C, 0xFF, 0x01, 0xFE, 0x01, 0x1F, 0x3B, 0xFF,
    0x01, 0xFC, 0x01, 0x00, 0x01, 0x3F, 0x06, 0xFF, 0x01, 0xC0, 0x01, 0x03, 0x1C, 0xFF, 0x01, 0xFE,
    0x01, 0x1F, 0x3C, 0xFF, 0x01, 0x00, 0x01, 0x07, 0x05, 0xFF, 0x01, 0xFC, 0x01, 0x00, 0x01, 0x0F,
    0x1C, 0xFF, 0x01, 0xFE, 0x01, 0x1F, 0x3C, 0xFF, 0x01, 0xE0, 0x01, 0x00, 0x01, 0x3F, 0x04, 0xFF,
    0x01, 0xC0, 0x01, 0x00, 0x01, 0x7F, 0x1C, 0xFF, 0x01, 0xFE, 0x01, 0x1F, 0x3C, 0xFF, 0x01, 0xFC,
    0x01, 0x00, 0x01, 0x01, 0x03, 0xFF, 0x01, 0xF8, 0x01, 0x00, 0x01, 0x03, 0x1D, 0xFF, 0x01, 0xFE,
    0x01, 0x1F, 0x3D, 0xFF, 0x01, 0x80, 0x01, 0x00, 0x01, 0x03, 0x01, 0xFF, 0x01, 0xFE, 0x02, 0x00,
    0x01, 0x1F, 0x1D, 0xFF, 0x01, 0xFE, 0x01, 0x1F, 0x3D, 0xFF, 0x01, 0xF0, 0x06, 0x00, 0x1E, 0xFF,
    0x01, 0xFE, 0x01, 0x1F, 0x3D, 0xFF, 0x01, 0xFE, 0x05, 0x00, 0x01, 0x0F, 0x1E, 0xFF, 0x01, 0xFE,
    0x01, 0x1F, 0x3E, 0xFF, 0x01, 0xF0, 0x03, 0x00, 0x01, 0x01, 0x1F, 0xFF, 0x01, 0xFE, 0x01, 0x1F,
    0x3F, 0xFF, 0x01, 0xC0, 0x02, 0x00, 0x01, 0x7F, 0x1F, 0xFF, 0x01, 0xFE, 0x01, 0x1F, 0x62, 0xFF,
    0x01, 0xFE, 0x01, 0x1F, 0x62, 0xFF, 0x01, 0xFE, 0x01, 0x1F, 0x62, 0xFF, 0x01, 0xFE, 0x01, 0x1F,
    0x62, 0xFF, 0x01, 0xFE, 0x01, 0x1F, 0x62, 0xFF, 0x01, 0xFE, 0x01, 0x1F, 0x62, 0xFF, 0x01, 0xFE,
    0x01, 0x1F, 0x62, 0xFF, 0x01, 0xFE, 0x01, 0x1F, 0x62, 0xFF, 0x01, 0xFE, 0x01, 0x1F, 0x62, 0xFF,
    0x01, 0xFE, 0x01, 0x1F, 0x62, 0xFF, 0x01, 0xFE, 0x01, 0x1F, 0x62, 0xFF, 0x01, 0xFE, 0x01, 0x1F,
    0x62, 0xFF, 0x01, 0xFE, 0x01, 0x1F, 0x62, 0xFF, 0x01, 0xFE, 0x01, 0x1F, 0x62, 0xFF, 0x01, 0xFE,
    0x01, 0x1F, 0x62, 0xFF, 0x01, 0xFE, 0x01, 0x1F, 0x62, 0xFF, 0x01, 0xFE, 0x01, 0x1F, 0x18, 0xFF,
    0x01, 0xFB, 0x49, 0xFF, 0x01, 0xFE, 0x01, 0x1F, 0x62, 0xFF, 0x01, 0xFE, 0x01, 0x1F, 0x19, 0xFF,
    0x01, 0xFB, 0x48, 0xFF, 0x01, 0xFE, 0x01, 0x1F, 0x62, 0xFF, 0x01, 0xFE, 0x01, 0x1F, 0x62, 0xFF,
    0x01, 0xFE, 0x01, 0x1F, 0x17, 0xFF, 0x01, 0xFE, 0x4A, 0xFF, 0x01, 0xFE, 0x01, 0x1F, 0x17, 0xFF,
    0x01, 0xFD, 0x0E, 0xFF, 0x01, 0xC6, 0x01, 0x71, 0x01, 0xFE, 0x01, 0x7F, 0x38, 0xFF, 0x01, 0xFE,
    0x01, 0x1F, 0x22, 0xFF, 0x01, 0xFE, 0x01, 0x00, 0x01, 0x06, 0x01, 0x07, 0x01, 0xC6, 0x01, 0x20,
    0x01, 0x02, 0x01, 0x00, 0x01, 0x03, 0x37, 0xFF, 0x01, 0xFE, 0x01, 0x1F, 0x22, 0xFF, 0x01, 0xFE,
    0x01, 0x70, 0x01, 0x66, 0x01, 0x67, 0x01, 0xC7, 0x01, 0x84, 0x01, 0x63, 0x01, 0x86, 0x01, 0x3F,
    0x37, 0xFF, 0x01, 0xFE, 0x01, 0x1F, 0x22, 0xFF, 0x01, 0xFE, 0x01, 0x70, 0x01, 0x66, 0x01, 0x60,
    0x01, 0x03, 0x01, 0xFE, 0x01, 0x67, 0x01, 0xC7, 0x01, 0x3F, 0x37, 0xFF, 0x01, 0xFE, 0x01, 0x1F,
    0x22, 0xFF, 0x01, 0xFE, 0x01, 0x70, 0x01, 0x66, 0x01, 0x67, 0x01, 0xC7, 0x01, 0xBC, 0x01, 0x24,
    0x01, 0xC4, 0x01, 0x07, 0x37, 0xFF, 0x01, 0xFE, 0x01, 0x1F, 0x22, 0xFF, 0x01, 0xFE, 0x01, 0x00,
    0x01, 0x66, 0x01, 0x65, 0x01, 0xC6, 0x01, 0x10, 0x01, 0x1C, 0x01, 0x44, 0x01, 0xE7, 0x37, 0xFF,
    0x01, 0xFE, 0x01, 0x1F, 0x22, 0xFF, 0x01, 0xFE, 0x01, 0x70, 0x01, 0x66, 0x01, 0x60, 0x01, 0xC6,
    0x01, 0xE1, 0x01, 0xCF, 0x01, 0x04, 0x01, 0x07, 0x37, 0xFF, 0x01, 0xFE, 0x01, 0x1F, 0x22, 0xFF,
    0x01, 0xFE, 0x01, 0x70, 0x01, 0x66, 0x01, 0x00, 0x01, 0xC7, 0x01, 0xE7, 0x01, 0xE3, 0x01, 0x04,
    0x01, 0xE7, 0x37, 0xFF, 0x01, 0xFE, 0x01, 0x1F, 0x22, 0xFF, 0x01, 0xFE, 0x01, 0x70, 0x02, 0x66,
    0x01, 0x47, 0x01, 0x00, 0x01, 0x0F, 0x01, 0xC4, 0x01, 0xE7, 0x37, 0xFF, 0x01, 0xFE, 0x01, 0x1F,
    0x22, 0xFF, 0x01, 0xFE, 0x01, 0x00, 0x02, 0x66, 0x01, 0x47, 0x01, 0x1F, 0x01, 0xCF, 0x01, 0x44,
    0x01, 0x07, 0x37, 0xFF, 0x01, 0xFE, 0x01, 0x1F, 0x22, 0xFF, 0x01, 0xFE, 0x02, 0x66, 0x01, 0x67,
    0x01, 0x07, 0x01, 0x18, 0x01, 0xCE, 0x01, 0x27, 0x01, 0x9F, 0x37, 0xFF, 0x01, 0xFE, 0x01, 0x1F,
    0x22, 0xFF, 0x01, 0xFE, 0x03, 0x66, 0x01, 0x47, 0x01, 0x19, 0x01, 0xCF, 0x01, 0x25, 0x01, 0x87,
    0x37, 0xFF, 0x01, 0xFE, 0x01, 0x1F, 0x22, 0xFF, 0x01, 0xFE, 0x01, 0x62, 0x01, 0x66, 0x01, 0x67,
    0x01, 0xC7, 0x01, 0x18, 0x01, 0x4E, 0x01, 0x08, 0x01, 0x87, 0x37, 0xFF, 0x01, 0xFE, 0x01, 0x1F,
    0x22, 0xFF, 0x01, 0xFE, 0x01, 0x00, 0x01, 0x06, 0x01, 0x07, 0x01, 0xC7, 0x01, 0xF0, 0x01, 0x3E,
    0x01, 0x01, 0x01, 0x93, 0x37, 0xFF, 0x01, 0xFE, 0x01, 0x1F, 0x22, 0xFF, 0x01, 0xFE, 0x01, 0x18,
    0x01, 0x7E, 0x01, 0x67, 0x01, 0xCF, 0x01, 0xC7, 0x01, 0x8C, 0x01, 0x03, 0x01, 0x33, 0x37, 0xFF,
    0x01, 0xFE, 0x01, 0x1F, 0x22, 0xFF, 0x01, 0xFE, 0x01, 0x7E, 0x01, 0x7F, 0x01, 0xFE, 0x01, 0x0E,
    0x01, 0x1F, 0x01, 0xE6, 0x01, 0x7C, 0x01, 0x3F, 0x37, 0xFF, 0x01, 0xFE, 0x01, 0x1F, 0x62, 0xFF,
    0x01, 0xFE, 0x01, 0x1F, 0x62, 0xFF, 0x01, 0xFE, 0x01, 0x1F, 0x02, 0xFF, 0x01, 0xFE, 0x18, 0x00,
    0x01, 0x3F, 0x46, 0xFF, 0x01, 0xFE, 0x01, 0x1F, 0x02, 0xFF, 0x01, 0xFE, 0x18, 0x00, 0x01, 0x3F,
    0x46, 0xFF, 0x01, 0xFE, 0x01, 0x1F, 0x02, 0xFF, 0x01, 0xFE, 0x18, 0x00, 0x01, 0x3F, 0x46, 0xFF,
    0x01, 0xFE, 0x01, 0x1F, 0x62, 0xFF, 0x01, 0xFE, 0x01, 0x1F, 0x62, 0xFF, 0x01, 0xFE, 0x01, 0x1F,
    0x62, 0xFF, 0x01, 0xFE, 0x01, 0x1F, 0x62, 0xFF, 0x01, 0xFE, 0x01, 0x1F, 0x62, 0xFF, 0x01, 0xFE,
    0x01, 0x1F, 0x62, 0xFF, 0x01, 0xFE, 0x01, 0x1F, 0x2A, 0xFF, 0x01, 0xC0, 0x01, 0x0F, 0x14, 0xFF,
    0x01, 0xC0, 0x01, 0x1F, 0x14, 0xFF, 0x01, 0x00, 0x01, 0x3F, 0x0A, 0xFF, 0x01, 0xFE, 0x01, 0x1F,
    0x29, 0xFF, 0x01, 0xF0, 0x02, 0x00, 0x01, 0x3F, 0x12, 0xFF, 0x01, 0xE0, 0x02, 0x00, 0x01, 0x7F,
    0x12, 0xFF, 0x01, 0xC0, 0x02, 0x00, 0x0A, 0xFF, 0x01, 0xFE, 0x01, 0x1F, 0x29, 0xFF, 0x03, 0x00,
    0x01, 0x03, 0x11, 0xFF, 0x01, 0xFE, 0x03, 0x00, 0x01, 0x07, 0x11, 0xFF, 0x01, 0xFC, 0x03, 0x00,
    0x01, 0x0F, 0x09, 0xFF, 0x01, 0xFE, 0x01, 0x1F, 0x28, 0xFF, 0x01, 0xF8, 0x04, 0x00, 0x01, 0x7F,
    0x10, 0xFF, 0x01, 0xF0, 0x04, 0x00, 0x11, 0xFF, 0x01, 0xE0, 0x03, 0x00, 0x01, 0x01, 0x09, 0xFF,
    0x01, 0xFE, 0x01, 0x1F, 0x28, 0xFF, 0x01, 0xE0, 0x01, 0x03, 0x02, 0xFF, 0x01, 0x00, 0x01, 0x1F,
    0x10, 0xFF, 0x01, 0x80, 0x01, 0x03, 0x01, 0xFF, 0x01, 0xFE, 0x01, 0x00, 0x01, 0x3F, 0x10, 0xFF,
    0x01, 0x80, 0x01, 0x0F, 0x01, 0xFF, 0x01, 0xFC, 0x01, 0x00, 0x01, 0x7F, 0x08, 0xFF, 0x01, 0xFE,
    0x01, 0x1F, 0x28, 0xFF, 0x01, 0x00, 0x01, 0x3F, 0x02, 0xFF, 0x01, 0xF0, 0x01, 0x03, 0x0F, 0xFF,
    0x01, 0xFE, 0x01, 0x00, 0x01, 0x7F, 0x02, 0xFF, 0x01, 0xE0, 0x01, 0x07, 0x0F, 0xFF, 0x01, 0xFC,
    0x01, 0x00, 0x03, 0xFF, 0x01, 0xC0, 0x01, 0x0F, 0x08, 0xFF, 0x01, 0xFE, 0x01, 0x1F, 0x27, 0xFF,
    0x01, 0xFE, 0x01, 0x01, 0x03, 0xFF, 0x01, 0xFE, 0x01, 0x01, 0x0F, 0xFF, 0x01, 0xF8, 0x01, 0x03,
    0x03, 0xFF, 0x01, 0xFC, 0x01, 0x03, 0x0F, 0xFF, 0x01, 0xF8, 0x01, 0x07, 0x03, 0xFF, 0x01, 0xF8,
    0x01, 0x07, 0x08, 0xFF, 0x01, 0xFE, 0x01, 0x1F, 0x27, 0xFF, 0x01, 0xF8, 0x01, 0x0F, 0x04, 0xFF,
    0x01, 0xC0, 0x01, 0x7F, 0x0E, 0xFF, 0x01, 0xF0, 0x01, 0x1F, 0x04, 0xFF, 0x01, 0x80, 0x0F, 0xFF,
    0x01, 0xE0, 0x01, 0x3F, 0x04, 0xFF, 0x01, 0x01, 0x08, 0xFF, 0x01, 0xFE, 0x01, 0x1F, 0x27, 0xFF,
    0x01, 0xE0, 0x01, 0x3F, 0x04, 0xFF, 0x01, 0xF0, 0x01, 0x1F, 0x0E, 0xFF, 0x01, 0xC0, 0x01, 0x7F,
    0x04, 0xFF, 0x01, 0xE0, 0x01, 0x3F, 0x0E, 0xFF, 0x01, 0x80, 0x05, 0xFF, 0x01, 0xC0, 0x01, 0x7F,
    0x07, 0xFF, 0x01, 0xFE, 0x01, 0x1F, 0x27, 0xFF, 0x01, 0xC0, 0x05, 0xFF, 0x01, 0xFC, 0x01, 0x0F,
    0x0E, 0xFF, 0x01, 0x81, 0x05, 0xFF, 0x01, 0xF8, 0x01, 0x1F, 0x0E, 0xFF, 0x01, 0x03, 0x05, 0xFF,
    0x01, 0xF0, 0x01, 0x3F, 0x07, 0xFF, 0x01, 0xFE, 0x01, 0x1F, 0x27, 0xFF, 0x01, 0x03, 0x05, 0xFF,
    0x01, 0xFE, 0x01, 0x03, 0x0D, 0xFF, 0x01, 0xFE, 0x01, 0x07, 0x05, 0xFF, 0x01, 0xFC, 0x01, 0x07,
    0x0D, 0xFF, 0x01, 0xFC, 0x01, 0x0F, 0x05, 0xFF, 0x01, 0xF8, 0x01, 0x0F, 0x07, 0xFF, 0x01, 0xFE,
    0x01, 0x1F, 0x26, 0xFF, 0x01, 0xFE, 0x01, 0x07, 0x06, 0xFF, 0x01, 0x81, 0x0D, 0xFF, 0x01, 0xFC,
    0x01, 0x0F, 0x06, 0xFF, 0x01, 0x03, 0x0D, 0xFF, 0x01, 0xF8, 0x01, 0x1F, 0x05, 0xFF, 0x01, 0xFE,
    0x01, 0x07, 0x07, 0xFF, 0x01, 0xFE, 0x01, 0x1F, 0x26, 0xFF, 0x01, 0xFC, 0x01, 0x0F, 0x06, 0xFF,
    0x01, 0xC0, 0x0D, 0xFF, 0x01, 0xF8, 0x01, 0x1F, 0x06, 0xFF, 0x01, 0x81, 0x0D, 0xFF, 0x01, 0xF0,
    0x01, 0x3F, 0x06, 0xFF, 0x01, 0x03, 0x07, 0xFF, 0x01, 0xFE, 0x01, 0x1F, 0x26, 0xFF, 0x01, 0xF8,
    0x01, 0x3F, 0x06, 0xFF, 0x01, 0xF0, 0x01, 0x7F, 0x0C, 0xFF, 0x01, 0xF0, 0x01, 0x7F, 0x06, 0xFF,
    0x01, 0xE0, 0x0D, 0xFF, 0x01, 0xE0, 0x07, 0xFF, 0x01, 0xC1, 0x07, 0xFF, 0x01, 0xFE, 0x01, 0x1F,
    0x03, 0xFF, 0x01, 0x7C, 0x01, 0xFC, 0x01, 0x00, 0x01, 0x3F, 0x01, 0xF0, 0x01, 0xC0, 0x01, 0x03,
    0x1C, 0xFF, 0x01, 0xF0, 0x01, 0x7F, 0x06, 0xFF, 0x01, 0xF8, 0x01, 0x3F, 0x0C, 0xFF, 0x01, 0xE0,
    0x07, 0xFF, 0x01, 0xF0, 0x01, 0x7F, 0x0C, 0xFF, 0x01, 0xC1, 0x07, 0xFF, 0x01, 0xE0, 0x07, 0xFF,
    0x01, 0xFE, 0x01, 0x1F, 0x02, 0xFF, 0x01, 0xFE, 0x01, 0x00, 0x01, 0x0C, 0x01, 0x7F, 0x01, 0x38,
    0x01, 0x0F, 0x01, 0xCD, 0x01, 0x93, 0x1C, 0xFF, 0x01, 0xE0, 0x07, 0xFF, 0x01, 0xFC, 0x01, 0x1F,
    0x0C, 0xFF, 0x01, 0xC1, 0x07, 0xFF, 0x01, 0xF8, 0x01, 0x3F, 0x0C, 0xFF, 0x01, 0x83, 0x07, 0xFF,
    0x01, 0xF0, 0x01, 0x7F, 0x06, 0xFF, 0x01, 0xFE, 0x01, 0x1F, 0x03, 0xFF, 0x01, 0x98, 0x01, 0xDC,
    0x01, 0x00, 0x01, 0x3F, 0x01, 0x9F, 0x01, 0xCD, 0x01, 0x93, 0x1C, 0xFF, 0x01, 0xC1, 0x07, 0xFF,
    0x01, 0xFE, 0x01, 0x0F, 0x0C, 0xFF, 0x01, 0x83, 0x07, 0xFF, 0x01, 0xFC, 0x01, 0x1F, 0x0C, 0xFF,
    0x01, 0x07, 0x07, 0xFF, 0x01, 0xF8, 0x01, 0x3F, 0x06, 0xFF, 0x01, 0xFE, 0x01, 0x1F, 0x03, 0xFF,
    0x01, 0x71, 0x01, 0x8C, 0x01, 0x7F, 0x01, 0x30, 0x01, 0x00, 0x01, 0x40, 0x01, 0x03, 0x1C, 0xFF,
    0x01, 0x83, 0x08, 0xFF, 0x01, 0x07, 0x0C, 0xFF, 0x01, 0x07, 0x07, 0xFF, 0x01, 0xFE, 0x01, 0x0F,
    0x0B, 0xFF, 0x01, 0xFE, 0x01, 0x0F, 0x07, 0xFF, 0x01, 0xFC, 0x01, 0x1F, 0x06, 0xFF, 0x01, 0xFE,
    0x01, 0x1F, 0x03, 0xFF, 0x01, 0x03, 0x01, 0x8C, 0x01, 0x00, 0x01, 0x11, 0x01, 0x98, 0x01, 0xFE,
    0x01, 0x7F, 0x1C, 0xFF, 0x01, 0x07, 0x08, 0xFF, 0x01, 0x83, 0x0B, 0xFF, 0x01, 0xFE, 0x01, 0x0F,
    0x08, 0xFF, 0x01, 0x07, 0x0B, 0xFF, 0x01, 0xFC, 0x01, 0x1F, 0x07, 0xFF, 0x01, 0xFE, 0x01, 0x0F,
    0x06, 0xFF, 0x01, 0xFE, 0x01, 0x1F, 0x03, 0xFF, 0x01, 0x80, 0x01, 0x06, 0x01, 0x66, 0x01, 0x30,
    0x01, 0x00, 0x01, 0xC0, 0x01, 0x01, 0x1B, 0xFF, 0x01, 0xFE, 0x01, 0x0F, 0x08, 0xFF, 0x01, 0xC1,
    0x0B, 0xFF, 0x01, 0xFC, 0x01, 0x1F, 0x08, 0xFF, 0x01, 0x83, 0x0B, 0xFF, 0x01, 0xF8, 0x01, 0x3F,
    0x08, 0xFF, 0x01, 0x07, 0x06, 0xFF, 0x01, 0xFE, 0x01, 0x1F, 0x04, 0xFF, 0x01, 0xFE, 0x01, 0x00,
    0x01, 0x31, 0x01, 0x98, 0x01, 0xC7, 0x01, 0xF3, 0x1B, 0xFF, 0x01, 0xFC, 0x01, 0x1F, 0x08, 0xFF,
    0x01, 0xE1, 0x0B, 0xFF, 0x01, 0xF8, 0x01, 0x3F, 0x08, 0xFF, 0x01, 0xC3, 0x0B, 0xFF, 0x01, 0xF0,
    0x01, 0x7F, 0x08, 0xFF, 0x01, 0x87, 0x06, 0xFF, 0x01, 0xFE, 0x01, 0x1F, 0x03, 0xFF, 0x01, 0x32,
    0x01, 0x1E, 0x01, 0x66, 0x01, 0x30, 0x01, 0x00, 0x01, 0xC0, 0x01, 0x03, 0x1B, 0xFF, 0x01, 0xFC,
    0x01, 0x3F, 0x08, 0xFF, 0x01, 0xF0, 0x0B, 0xFF, 0x01, 0xF8, 0x01, 0x7F, 0x08, 0xFF, 0x01, 0xE1,
    0x0B, 0xFF, 0x01, 0xF0, 0x09, 0xFF, 0x01, 0xC3, 0x06, 0xFF, 0x01, 0xFE, 0x01, 0x1F, 0x03, 0xFF,
    0x01, 0x82, 0x01, 0x16, 0x01, 0x66, 0x01, 0x3F, 0x01, 0x9F, 0x01, 0xC7, 0x01, 0xF3, 0x1B, 0xFF,
    0x01, 0xF8, 0x01, 0x7F, 0x08, 0xFF, 0x01, 0xF8, 0x01, 0x7F, 0x0A, 0xFF, 0x01, 0xF0, 0x09, 0xFF,
    0x01, 0xF0, 0x0B, 0xFF, 0x01, 0xE1, 0x09, 0xFF, 0x01, 0xE1, 0x06, 0xFF, 0x01, 0xFE, 0x01, 0x1F,
    0x03, 0xFF, 0x01, 0x32, 0x01, 0x14, 0x01, 0x00, 0x01, 0x30, 0x01, 0x00, 0x01, 0xC0, 0x01, 0x03,
    0x1B, 0xFF, 0x01, 0xF0, 0x01, 0x7F, 0x08, 0xFF, 0x01, 0xF8, 0x01, 0x3F, 0x0A, 0xFF, 0x01, 0xE0,
    0x09, 0xFF, 0x01, 0xF0, 0x01, 0x7F, 0x0A, 0xFF, 0x01, 0xC1, 0x09, 0xFF, 0x01, 0xE0, 0x06, 0xFF,
    0x01, 0xFE, 0x01, 0x1F, 0x02, 0xFF, 0x01, 0xFE, 0x01, 0x26, 0x01, 0x17, 0x01, 0xE7, 0x01, 0xFF,
    0x01, 0x9F, 0x01, 0xC7, 0x01, 0xF3, 0x1B, 0xFF, 0x01, 0xF0, 0x09, 0xFF, 0x01, 0xFC, 0x01, 0x3F,
    0x0A, 0xFF, 0x01, 0xE1, 0x09, 0xFF, 0x01, 0xF8, 0x01, 0x7F, 0x0A, 0xFF, 0x01, 0xC3, 0x09, 0xFF,
    0x01, 0xF0, 0x06, 0xFF, 0x01, 0xFE, 0x01, 0x1F, 0x03, 0xFF, 0x01, 0x0E, 0x01, 0x88, 0x04, 0x00,
    0x01, 0x01, 0x1B, 0xFF, 0x01, 0xE1, 0x09, 0xFF, 0x01, 0xFE, 0x01, 0x1F, 0x0A, 0xFF, 0x01, 0xC3,
    0x09, 0xFF, 0x01, 0xFC, 0x01, 0x3F, 0x0A, 0xFF, 0x01, 0x87, 0x09, 0xFF, 0x01, 0xF8, 0x01, 0x7F,
    0x05, 0xFF, 0x01, 0xFE, 0x01, 0x1F, 0x25, 0xFF, 0x01, 0xC3, 0x09, 0xFF, 0x01, 0xFE, 0x01, 0x0F,
    0x0A, 0xFF, 0x01, 0x87, 0x09, 0xFF, 0x01, 0xFC, 0x01, 0x1F, 0x0A, 0xFF, 0x01, 0x0F, 0x09, 0xFF,
    0x01, 0xF8, 0x01, 0x3F, 0x05, 0xFF, 0x01, 0xFE, 0x01, 0x1F, 0x25, 0xFF, 0x01, 0xC3, 0x0A, 0xFF,
    0x01, 0x0F, 0x0A, 0xFF, 0x01, 0x87, 0x09, 0xFF, 0x01, 0xFE, 0x01, 0x1F, 0x0A, 0xFF, 0x01, 0x0F,
    0x09, 0xFF, 0x01, 0xFC, 0x01, 0x3F, 0x05, 0xFF, 0x01, 0xFE, 0x01, 0x1F, 0x25, 0xFF, 0x01, 0x87,
    0x0A, 0xFF, 0x01, 0x87, 0x0A, 0xFF, 0x01, 0x0F, 0x0A, 0xFF, 0x01, 0x0F, 0x09, 0xFF, 0x01, 0xFE,
    0x01, 0x1F, 0x09, 0xFF, 0x01, 0xFE, 0x01, 0x1F, 0x05, 0xFF, 0x01, 0xFE, 0x01, 0x1F, 0x25, 0xFF,
    0x01, 0x87, 0x0A, 0xFF, 0x01, 0x87, 0x0A, 0xFF, 0x01, 0x0F, 0x0A, 0xFF, 0x01, 0x0F, 0x09, 0xFF,
    0x01, 0xFE, 0x01, 0x1F, 0x09, 0xFF, 0x01, 0xFE, 0x01, 0x1F, 0x05, 0xFF, 0x01, 0xFE, 0x01, 0x1F,
    0x25, 0xFF, 0x01, 0x0F, 0x0A, 0xFF, 0x01, 0xC3, 0x09, 0xFF, 0x01, 0xFE, 0x01, 0x1F, 0x0A, 0xFF,
    0x01, 0x87, 0x09, 0xFF, 0x01, 0xFC, 0x01, 0x3F, 0x0A, 0xFF, 0x01, 0x0F, 0x05, 0xFF, 0x01, 0xFE,
    0x01, 0x1F, 0x25, 0xFF, 0x01, 0x0F, 0x0A, 0xFF, 0x01, 0xC3, 0x09, 0xFF, 0x01, 0xFE, 0x01, 0x1F,
    0x0A, 0xFF, 0x01, 0x87, 0x09, 0xFF, 0x01, 0xFC, 0x01, 0x3F, 0x0A, 0xFF, 0x01, 0x0F, 0x05, 0xFF,
    0x01, 0xFE, 0x01, 0x1F, 0x25, 0xFF, 0x01, 0x1F, 0x0A, 0xFF, 0x01, 0xE3, 0x09, 0xFF, 0x01, 0xFE,
    0x01, 0x3F, 0x0A, 0xFF, 0x01, 0xC7, 0x09, 0xFF, 0x01, 0xFC, 0x01, 0x7F, 0x0A, 0xFF, 0x01, 0x8F,
    0x05, 0xFF, 0x01, 0xFE, 0x01, 0x1F, 0x24, 0xFF, 0x01, 0xFE, 0x01, 0x1F, 0x0A, 0xFF, 0x01, 0xE1,
    0x09, 0xFF, 0x01, 0xFC, 0x01, 0x3F, 0x0A, 0xFF, 0x01, 0xC3, 0x09, 0xFF, 0x01, 0xF8, 0x01, 0x7F,
    0x0A, 0xFF, 0x01, 0x87, 0x05, 0xFF, 0x01, 0xFE, 0x01, 0x1F, 0x24, 0xFF, 0x01, 0xFE, 0x01, 0x1F,
    0x0A, 0xFF, 0x01, 0xE1, 0x09, 0xFF, 0x01, 0xFC, 0x01, 0x3F, 0x0A, 0xFF, 0x01, 0xC3, 0x09, 0xFF,
    0x01, 0xF8, 0x01, 0x7F, 0x0A, 0xFF, 0x01, 0x87, 0x05, 0xFF, 0x01, 0xFE, 0x01, 0x1F, 0x24, 0xFF,
    0x01, 0xFE, 0x01, 0x3F, 0x0A, 0xFF, 0x01, 0xF1, 0x09, 0xFF, 0x01, 0xFC, 0x01, 0x7F, 0x0A, 0xFF,
    0x01, 0xE3, 0x09, 0xFF, 0x01, 0xF8, 0x0B, 0xFF, 0x01, 0xC7, 0x05, 0xFF, 0x01, 0xFE, 0x01, 0x1F,
    0x24, 0xFF, 0x01, 0xFC, 0x01, 0x3F, 0x0A, 0xFF, 0x01, 0xF0, 0x09, 0xFF, 0x01, 0xF8, 0x01, 0x7F,
    0x0A, 0xFF, 0x01, 0xE1, 0x09, 0xFF, 0x01, 0xF0, 0x0B, 0xFF, 0x01, 0xC3, 0x05, 0xFF, 0x01, 0xFE,
    0x01, 0x1F, 0x24, 0xFF, 0x01, 0xFC, 0x01, 0x3F, 0x0A, 0xFF, 0x01, 0xF0, 0x09, 0xFF, 0x01, 0xF8,
    0x01, 0x7F, 0x0A, 0xFF, 0x01, 0xE1, 0x09, 0xFF, 0x01, 0xF0, 0x0B, 0xFF, 0x01, 0xC3, 0x05, 0xFF,
    0x01, 0xFE, 0x01, 0x1F, 0x24, 0xFF, 0x01, 0xFC, 0x01, 0x7F, 0x0A, 0xFF, 0x01, 0xF8, 0x09, 0xFF,
    0x01, 0xF8, 0x0B, 0xFF, 0x01, 0xF1, 0x09, 0xFF, 0x01, 0xF1, 0x0B, 0xFF, 0x01, 0xE3, 0x05, 0xFF,
    0x01, 0xFE, 0x01, 0x1F, 0x24, 0xFF, 0x01, 0xFC, 0x01, 0x7F, 0x0A, 0xFF, 0x01, 0xF8, 0x09, 0xFF,
    0x01, 0xF8, 0x0B, 0xFF, 0x01, 0xF1, 0x09, 0xFF, 0x01, 0xF1, 0x0B, 0xFF, 0x01, 0xE3, 0x05, 0xFF,
    0x01, 0xFE, 0x01, 0x1F, 0x24, 0xFF, 0x01, 0xF8, 0x01, 0x7F, 0x0A, 0xFF, 0x01, 0xF8, 0x01, 0x7F,
    0x08, 0xFF, 0x01, 0xF0, 0x0B, 0xFF, 0x01, 0xF0, 0x09, 0xFF, 0x01, 0xE1, 0x0B, 0xFF, 0x01, 0xE1,
    0x05, 0xFF, 0x01, 0xFE, 0x01, 0x1F, 0x24, 0xFF, 0x01, 0xF8, 0x01, 0x7F, 0x0A, 0xFF, 0x01, 0xF8,
    0x01, 0x7F, 0x08, 0xFF, 0x01, 0xF0, 0x0B, 0xFF, 0x01, 0xF0, 0x09, 0xFF, 0x01, 0xE1, 0x0B, 0xFF,
    0x01, 0xE1, 0x05, 0xFF, 0x01, 0xFE, 0x01, 0x1F, 0x24, 0xFF, 0x01, 0xF8, 0x0B, 0xFF, 0x01, 0xFC,
    0x01, 0x7F, 0x08, 0xFF, 0x01, 0xF1, 0x0B, 0xFF, 0x01, 0xF8, 0x09, 0xFF, 0x01, 0xE3, 0x0B, 0xFF,
    0x01, 0xF1, 0x05, 0xFF, 0x01, 0xFE, 0x01, 0x1F, 0x24, 0xFF, 0x01, 0xF8, 0x0B, 0xFF, 0x01, 0xFC,
    0x01, 0x7F, 0x08, 0xFF, 0x01, 0xF1, 0x0B, 0xFF, 0x01, 0xF8, 0x09, 0xFF, 0x01, 0xE3, 0x0B, 0xFF,
    0x01, 0xF1, 0x05, 0xFF, 0x01, 0xFE, 0x01, 0x1F, 0x24, 0xFF, 0x01, 0xF8, 0x0B, 0xFF, 0x01, 0xFC,
    0x01, 0x7F, 0x08, 0xFF, 0x01, 0xF1, 0x0B, 0xFF, 0x01, 0xF8, 0x09, 0xFF, 0x01, 0xE3, 0x0B, 0xFF,
    0x01, 0xF1, 0x05, 0xFF, 0x01, 0xFE, 0x01, 0x1F, 0x24, 0xFF, 0x01, 0xF8, 0x0B, 0xFF, 0x01, 0xFC,
    0x01, 0x7F, 0x08, 0xFF, 0x01, 0xF1, 0x0B, 0xFF, 0x01, 0xF8, 0x09, 0xFF, 0x01, 0xE3, 0x0B, 0xFF,
    0x01, 0xF1, 0x05, 0xFF, 0x01, 0xFE, 0x01, 0x1F, 0x24, 0xFF, 0x01, 0xF0, 0x0B, 0xFF, 0x01, 0xFC,
    0x01, 0x3F, 0x08, 0xFF, 0x01, 0xE1, 0x0B, 0xFF, 0x01, 0xF8, 0x01, 0x7F, 0x08, 0xFF, 0x01, 0xC3,
    0x0B, 0xFF, 0x01, 0xF0, 0x05, 0xFF, 0x01, 0xFE, 0x01, 0x1F, 0x24, 0xFF, 0x01, 0xF0, 0x0B, 0xFF,
    0x01, 0xFC, 0x01, 0x3F, 0x08, 0xFF, 0x01, 0xE1, 0x0B, 0xFF, 0x01, 0xF8, 0x01, 0x7F, 0x08, 0xFF,
    0x01, 0xC3, 0x0B, 0xFF, 0x01, 0xF0, 0x05, 0xFF, 0x01, 0xFE, 0x01, 0x1F, 0x24, 0xFF, 0x01, 0xF0,
    0x0B, 0xFF, 0x01, 0xFC, 0x01, 0x3F, 0x08, 0xFF, 0x01, 0xE1, 0x0B, 0xFF, 0x01, 0xF8, 0x01, 0x7F,
    0x08, 0xFF, 0x01, 0xC3, 0x0B, 0xFF, 0x01, 0xF0, 0x05, 0xFF, 0x01, 0xFE, 0x01, 0x1F, 0x24, 0xFF,
    0x01, 0xF0, 0x0B, 0xFF, 0x01, 0xFC, 0x01, 0x3F, 0x08, 0xFF, 0x01, 0xE1, 0x0B, 0xFF, 0x01, 0xF8,
    0x01, 0x7F, 0x08, 0xFF, 0x01, 0xC3, 0x0B, 0xFF, 0x01, 0xF0, 0x05, 0xFF, 0x01, 0xFE, 0x01, 0x1F,
    0x03, 0xFF, 0x01, 0xF1, 0x01, 0xFF, 0x01, 0xBF, 0x01, 0xFC, 0x01, 0xC0, 0x01, 0x7F, 0x01, 0x3F,
    0x1A, 0xFF, 0x01, 0xF0, 0x0B, 0xFF, 0x01, 0xFC, 0x01, 0x3F, 0x08, 0xFF, 0x01, 0xE1, 0x0B, 0xFF,
    0x01, 0xF8, 0x01, 0x7F, 0x08, 0xFF, 0x01, 0xC3, 0x0B, 0xFF, 0x01, 0xF0, 0x05, 0xFF, 0x01, 0xFE,
    0x01, 0x1F, 0x03, 0xFF, 0x01, 0x00, 0x01, 0x07, 0x01, 0x80, 0x01, 0x30, 0x01, 0x33, 0x01, 0xC0,
    0x01, 0x01, 0x1A, 0xFF, 0x01, 0xF0, 0x0B, 0xFF, 0x01, 0xFC, 0x01, 0x3F, 0x08, 0xFF, 0x01, 0xE1,
    0x0B, 0xFF, 0x01, 0xF8, 0x01, 0x7F, 0x08, 0xFF, 0x01, 0xC3, 0x0B, 0xFF, 0x01, 0xF0, 0x05, 0xFF,
    0x01, 0xFE, 0x01, 0x1F, 0x03, 0xFF, 0x01, 0xE6, 0x01, 0x3E, 0x01, 0x33, 0x01, 0x37, 0x01, 0xC0,
    0x01, 0x48, 0x01, 0xE7, 0x1A, 0xFF, 0x01, 0xF0, 0x0B, 0xFF, 0x01, 0xFC, 0x01, 0x3F, 0x08, 0xFF,
    0x01, 0xE1, 0x0B, 0xFF, 0x01, 0xF8, 0x01, 0x7F, 0x08, 0xFF, 0x01, 0xC3, 0x0B, 0xFF, 0x01, 0xF0,
    0x05, 0xFF, 0x01, 0xFE, 0x01, 0x1F, 0x03, 0xFF, 0x01, 0xC6, 0x01, 0x3C, 0x01, 0x80, 0x01, 0x78,
    0x01, 0x0C, 0x01, 0x40, 0x01, 0x01, 0x1A, 0xFF, 0x01, 0xF0, 0x0B, 0xFF, 0x01, 0xFC, 0x01, 0x3F,
    0x08, 0xFF, 0x01, 0xE1, 0x0B, 0xFF, 0x01, 0xF8, 0x01, 0x7F, 0x08, 0xFF, 0x01, 0xC3, 0x0B, 0xFF,
    0x01, 0xF0, 0x05, 0xFF, 0x01, 0xFE, 0x01, 0x1F, 0x03, 0xFF, 0x01, 0x80, 0x01, 0x0C, 0x01, 0x00,
    0x01, 0x33, 0x02, 0x48, 0x01, 0xE7, 0x1A, 0xFF, 0x01, 0xF0, 0x0B, 0xFF, 0x01, 0xFC, 0x01, 0x3F,
    0x08, 0xFF, 0x01, 0xE1, 0x0B, 0xFF, 0x01, 0xF8, 0x01, 0x7F, 0x08, 0xFF, 0x01, 0xC3, 0x0B, 0xFF,
    0x01, 0xF0, 0x05, 0xFF, 0x01, 0xFE, 0x01, 0x1F, 0x03, 0xFF, 0x01, 0x4F, 0x01, 0xE4, 0x01, 0x99,
    0x01, 0x10, 0x02, 0x48, 0x01, 0x07, 0x1A, 0xFF, 0x01, 0xF0, 0x0B, 0xFF, 0x01, 0xFC, 0x01, 0x3F,
    0x08, 0xFF, 0x01, 0xE1, 0x0B, 0xFF, 0x01, 0xF8, 0x01, 0x7F, 0x08, 0xFF, 0x01, 0xC3, 0x0B, 0xFF,
    0x01, 0xF0, 0x05, 0xFF, 0x01, 0xFE, 0x01, 0x1F, 0x03, 0xFF, 0x01, 0xC0, 0x01, 0x1E, 0x01, 0x00,
    0x01, 0x71, 0x01, 0x08, 0x01, 0x4F, 0x1B, 0xFF, 0x01, 0xF8, 0x0B, 0xFF, 0x01, 0xFC, 0x01, 0x7F,
    0x08, 0xFF, 0x01, 0xF1, 0x0B, 0xFF, 0x01, 0xF8, 0x09, 0xFF, 0x01, 0xE3, 0x0B, 0xFF, 0x01, 0xF1,
    0x05, 0xFF, 0x01, 0xFE, 0x01, 0x1F, 0x03, 0xFF, 0x01, 0xCF, 0x01, 0xFC, 0x01, 0x7E, 0x01, 0x10,
    0x01, 0x08, 0x01, 0x40, 0x01, 0x03, 0x1A, 0xFF, 0x01, 0xF8, 0x0B, 0xFF, 0x01, 0xFC, 0x01, 0x7F,
    0x08, 0xFF, 0x01, 0xF1, 0x0B, 0xFF, 0x01, 0xF8, 0x09, 0xFF, 0x01, 0xE3, 0x0B, 0xFF, 0x01, 0xF1,
    0x05, 0xFF, 0x01, 0xFE, 0x01, 0x1F, 0x03, 0xFF, 0x01, 0x00, 0x01, 0x07, 0x01, 0x00, 0x01, 0xF2,
    0x01, 0x33, 0x01, 0xC8, 0x01, 0xC7, 0x1A, 0xFF, 0x01, 0xF8, 0x0B, 0xFF, 0x01, 0xFC, 0x01, 0x7F,
    0x08, 0xFF, 0x01, 0xF1, 0x0B, 0xFF, 0x01, 0xF8, 0x09, 0xFF, 0x01, 0xE3, 0x0B, 0xFF, 0x01, 0xF1,
    0x05, 0xFF, 0x01, 0xFE, 0x01, 0x1F, 0x03, 0xFF, 0x01, 0xC6, 0x01, 0x3F, 0x01, 0x73, 0x01, 0x32,
    0x01, 0x20, 0x01, 0x8E, 0x01, 0x0F, 0x1A, 0xFF, 0x01, 0xF8, 0x0B, 0xFF, 0x01, 0xFC, 0x01, 0x7F,
    0x08, 0xFF, 0x01, 0xF1, 0x0B, 0xFF, 0x01, 0xF8, 0x09, 0xFF, 0x01, 0xE3, 0x0B, 0xFF, 0x01, 0xF1,
    0x05, 0xFF, 0x01, 0xFE, 0x01, 0x1F, 0x03, 0xFF, 0x01, 0x0F, 0x01, 0x1F, 0x01, 0x0C, 0x01, 0x70,
    0x01, 0x04, 0x01, 0x18, 0x01, 0x07, 0x1A, 0xFF, 0x01, 0xF8, 0x01, 0x7F, 0x0A, 0xFF, 0x01, 0xF8,
    0x01, 0x7F, 0x08, 0xFF, 0x01, 0xF0, 0x0B, 0xFF, 0x01, 0xF0, 0x09, 0xFF, 0x01, 0xE1, 0x0B, 0xFF,
    0x01, 0xE1, 0x05, 0xFF, 0x01, 0xFE, 0x01, 0x1F, 0x03, 0xFF, 0x01, 0x80, 0x01, 0x0E, 0x01, 0x3F,
    0x01, 0x32, 0x01, 0x0E, 0x01, 0xC3, 0x01, 0xF1, 0x1A, 0xFF, 0x01, 0xF8, 0x01, 0x7F, 0x0A, 0xFF,
    0x01, 0xF8, 0x01, 0x7F, 0x08, 0xFF, 0x01, 0xF0, 0x0B, 0xFF, 0x01, 0xF0, 0x09, 0xFF, 0x01, 0xE1,
    0x0B, 0xFF, 0x01, 0xE1, 0x05, 0xFF, 0x01, 0xFE, 0x01, 0x1F, 0x24, 0xFF, 0x01, 0xFC, 0x01, 0x7F,
    0x0A, 0xFF, 0x01, 0xF8, 0x09, 0xFF, 0x01, 0xF8, 0x0B, 0xFF, 0x01, 0xF1, 0x09, 0xFF, 0x01, 0xF1,
    0x0B, 0xFF, 0x01, 0xE3, 0x05, 0xFF, 0x01, 0xFE, 0x01, 0x1F, 0x24, 0xFF, 0x01, 0xFC, 0x01, 0x7F,
    0x0A, 0xFF, 0x01, 0xF8, 0x09, 0xFF, 0x01, 0xF8, 0x0B, 0xFF, 0x01, 0xF1, 0x09, 0xFF, 0x01, 0xF1,
    0x0B, 0xFF, 0x01, 0xE3, 0x05, 0xFF, 0x01, 0xFE, 0x01, 0x1F, 0x24, 0xFF, 0x01, 0xFC, 0x01, 0x3F,
    0x0A, 0xFF, 0x01, 0xF0, 0x09, 0xFF, 0x01, 0xF8, 0x01, 0x7F, 0x04, 0xFF, 0x01, 0x7F, 0x01, 0xDF,
    0x04, 0xFF, 0x01, 0xE1, 0x09, 0xFF, 0x01, 0xF0, 0x04, 0xFF, 0x01, 0xFE, 0x02, 0xCF, 0x04, 0xFF,
    0x01, 0xC3, 0x05, 0xFF, 0x01, 0xFE, 0x01, 0x1F, 0x24, 0xFF, 0x01, 0xFC, 0x01, 0x3F, 0x01, 0xFF,
    0x01, 0xFC, 0x01, 0x10, 0x01, 0x33, 0x01, 0xCF, 0x01, 0xE7, 0x01, 0x83, 0x01, 0x1E, 0x01, 0x3F,
    0x01, 0xFF, 0x01, 0xF0, 0x09, 0xFF, 0x01, 0xF8, 0x01, 0x7F, 0x04, 0xFF, 0x01, 0x7C, 0x01, 0x00,
    0x01, 0x3F, 0x03, 0xFF, 0x01, 0xE1, 0x09, 0xFF, 0x01, 0xF0, 0x04, 0xFF, 0x01, 0xC2, 0x01, 0x4E,
    0x01, 0x00, 0x04, 0xFF, 0x01, 0xC3, 0x05, 0xFF, 0x01, 0xFE, 0x01, 0x1F, 0x24, 0xFF, 0x01, 0xFE,
    0x01, 0x3F, 0x01, 0xFF, 0x01, 0xF0, 0x01, 0x10, 0x01, 0x13, 0x01, 0xCF, 0x01, 0x87, 0x01, 0x1F,
    0x01, 0x0E, 0x01, 0x3F, 0x01, 0xFF, 0x01, 0xF1, 0x09, 0xFF, 0x01, 0xFC, 0x01, 0x7F, 0x03, 0xFF,
    0x01, 0xE0, 0x01, 0x07, 0x01, 0xBF, 0x04, 0xFF, 0x01, 0xE3, 0x09, 0xFF, 0x01, 0xF8, 0x04, 0xFF,
    0x01, 0xC8, 0x01, 0x06, 0x01, 0x4C, 0x04, 0xFF, 0x01, 0xC7, 0x05, 0xFF, 0x01, 0xFE, 0x01, 0x1F,
    0x24, 0xFF, 0x01, 0xFE, 0x01, 0x1F, 0x01, 0xFF, 0x01, 0xF1, 0x01, 0xD3, 0x01, 0x93, 0x01, 0xCF,
    0x01, 0xA7, 0x01, 0x1F, 0x01, 0x0E, 0x01, 0x3F, 0x01, 0xFF, 0x01, 0xE1, 0x09, 0xFF, 0x01, 0xFC,
    0x01, 0x3F, 0x03, 0xFF, 0x01, 0xE6, 0x01, 0x77, 0x01, 0x3F, 0x04, 0xFF, 0x01, 0xC3, 0x09, 0xFF,
    0x01, 0xF8, 0x01, 0x7F, 0x03, 0xFF, 0x01, 0xDC, 0x01, 0x9C, 0x01, 0x00, 0x01, 0x7F, 0x03, 0xFF,
    0x01, 0x87, 0x05, 0xFF, 0x01, 0xFE, 0x01, 0x1F, 0x24, 0xFF, 0x01, 0xFE, 0x01, 0x1F, 0x01, 0xFF,
    0x01, 0xE3, 0x01, 0xF3, 0x01, 0x93, 0x01, 0xCF, 0x01, 0xE7, 0x01, 0x0F, 0x01, 0x0C, 0x01, 0x3F,
    0x01, 0xFF, 0x01, 0xE1, 0x09, 0xFF, 0x01, 0xFC, 0x01, 0x3F, 0x03, 0xFF, 0x01, 0xE6, 0x01, 0x77,
    0x01, 0x20, 0x01, 0x3F, 0x03, 0xFF, 0x01, 0xC3, 0x09, 0xFF, 0x01, 0xF8, 0x01, 0x7F, 0x03, 0xFF,
    0x01, 0xC0, 0x01, 0x04, 0x01, 0x5C, 0x04, 0xFF, 0x01, 0x87, 0x05, 0xFF, 0x01, 0xFE, 0x01, 0x1F,
    0x25, 0xFF, 0x01, 0x1F, 0x01, 0xFF, 0x01, 0xF3, 0x01, 0xF0, 0x01, 0x33, 0x01, 0xCF, 0x01, 0xE7,
    0x01, 0x83, 0x01, 0x24, 0x01, 0x3F, 0x01, 0xFF, 0x01, 0xE3, 0x09, 0xFF, 0x01, 0xFE, 0x01, 0x3F,
    0x03, 0xFF, 0x01, 0xE6, 0x01, 0x36, 0x01, 0x3C, 0x04, 0xFF, 0x01, 0xC7, 0x09, 0xFF, 0x01, 0xFC,
    0x01, 0x7F, 0x03, 0xFF, 0x01, 0x80, 0x01, 0x0C, 0x01, 0xE9, 0x04, 0xFF, 0x01, 0x8F, 0x05, 0xFF,
    0x01, 0xFE, 0x01, 0x1F, 0x25, 0xFF, 0x01, 0x0F, 0x01, 0xFF, 0x01, 0xF3, 0x01, 0xF0, 0x01, 0x73,
    0x01, 0xCF, 0x01, 0xE7, 0x01, 0xF3, 0x01, 0x25, 0x01, 0x3F, 0x01, 0xFF, 0x01, 0xC3, 0x09, 0xFF,
    0x01, 0xFE, 0x01, 0x1F, 0x03, 0xFF, 0x01, 0xE4, 0x01, 0x06, 0x01, 0x3D, 0x04, 0xFF, 0x01, 0x87,
    0x09, 0xFF, 0x01, 0xFC, 0x01, 0x3F, 0x03, 0xFF, 0x01, 0xC0, 0x01, 0x0C, 0x05, 0xFF, 0x01, 0x0F,
    0x05, 0xFF, 0x01, 0xFE, 0x01, 0x1F, 0x25, 0xFF, 0x01, 0x8F, 0x01, 0xFF, 0x01, 0xF1, 0x01, 0xD3,
    0x01, 0xF1, 0x01, 0x9F, 0x01, 0xE7, 0x01, 0xF3, 0x01, 0x21, 0x01, 0x3F, 0x01, 0xFF, 0x01, 0xC7,
    0x0A, 0xFF, 0x01, 0x1F, 0x03, 0xFF, 0x01, 0xE1, 0x01, 0xC6, 0x01, 0x00, 0x01, 0x3F, 0x03, 0xFF,
    0x01, 0x8F, 0x09, 0xFF, 0x01, 0xFE, 0x01, 0x3F, 0x03, 0xFF, 0x01, 0x86, 0x01, 0xCE, 0x01, 0x00,
    0x04, 0xFF, 0x01, 0x1F, 0x05, 0xFF, 0x01, 0xFE, 0x01, 0x1F, 0x25, 0xFF, 0x01, 0x87, 0x01, 0xFF,
    0x01, 0xF8, 0x01, 0x13, 0x01, 0xF8, 0x01, 0x1F, 0x01, 0xE7, 0x01, 0xF3, 0x01, 0x21, 0x01, 0x3F,
    0x01, 0xFF, 0x01, 0x87, 0x0A, 0xFF, 0x01, 0x0F, 0x03, 0xFF, 0x01, 0xE7, 0x01, 0xF6, 0x01, 0x3D,
    0x04, 0xFF, 0x01, 0x0F, 0x09, 0xFF, 0x01, 0xFE, 0x01, 0x1F, 0x03, 0xFF, 0x01, 0xC0, 0x01, 0x06,
    0x01, 0x94, 0x03, 0xFF, 0x01, 0xFE, 0x01, 0x1F, 0x05, 0xFF, 0x01, 0xFE, 0x01, 0x1F, 0x25, 0xFF,
    0x01, 0x87, 0x01, 0xFF, 0x01, 0xF8, 0x01, 0x13, 0x01, 0xFC, 0x01, 0x3F, 0x01, 0xE7, 0x01, 0x87,
    0x01, 0x33, 0x01, 0x3F, 0x01, 0xFF, 0x01, 0x87, 0x0A, 0xFF, 0x01, 0x0F, 0x03, 0xFF, 0x01, 0xE7,
    0x01, 0xF6, 0x01, 0x3D, 0x04, 0xFF, 0x01, 0x0F, 0x09, 0xFF, 0x01, 0xFE, 0x01, 0x1F, 0x03, 0xFF,
    0x01, 0xC0, 0x01, 0x06, 0x01, 0x94, 0x03, 0xFF, 0x01, 0xFE, 0x01, 0x1F, 0x05, 0xFF, 0x01, 0xFE,
    0x01, 0x1F, 0x25, 0xFF, 0x01, 0xC3, 0x0A, 0xFF, 0x01, 0x0F, 0x0A, 0xFF, 0x01, 0x87, 0x03, 0xFF,
    0x01, 0xE7, 0x01, 0x86, 0x01, 0x21, 0x03, 0xFF, 0x01, 0xFE, 0x01, 0x1F, 0x0A, 0xFF, 0x01, 0x0F,
    0x03, 0xFF, 0x01, 0xC0, 0x02, 0x00, 0x01, 0x7F, 0x02, 0xFF, 0x01, 0xFC, 0x01, 0x3F, 0x05, 0xFF,
    0x01, 0xFE, 0x01, 0x1F, 0x02, 0xFF, 0x01, 0xFE, 0x18, 0x00, 0x01, 0x3F, 0x09, 0xFF, 0x01, 0xC3,
    0x0A, 0xFF, 0x01, 0x0F, 0x0A, 0xFF, 0x01, 0x87, 0x09, 0xFF, 0x01, 0xFE, 0x01, 0x1F, 0x0A, 0xFF,
    0x01, 0x0F, 0x09, 0xFF, 0x01, 0xFC, 0x01, 0x3F, 0x05, 0xFF, 0x01, 0xFE, 0x01, 0x1F, 0x02, 0xFF,
    0x01, 0xFE, 0x18, 0x00, 0x01, 0x3F, 0x09, 0xFF, 0x01, 0xE1, 0x09, 0xFF, 0x01, 0xFE, 0x01, 0x1F,
    0x0A, 0xFF, 0x01, 0xC3, 0x09, 0xFF, 0x01, 0xFC, 0x01, 0x3F, 0x0A, 0xFF, 0x01, 0x87, 0x09, 0xFF,
    0x01, 0xF8, 0x01, 0x7F, 0x05, 0xFF, 0x01, 0xFE, 0x01, 0x1F, 0x02, 0xFF, 0x01, 0xFE, 0x18, 0x00,
    0x01, 0x3F, 0x09, 0xFF, 0x01, 0xF0, 0x09, 0xFF, 0x01, 0xFC, 0x01, 0x3F, 0x0A, 0xFF, 0x01, 0xE1,
    0x09, 0xFF, 0x01, 0xF8, 0x01, 0x7F, 0x0A, 0xFF, 0x01, 0xC3, 0x09, 0xFF, 0x01, 0xF0, 0x06, 0xFF,
    0x01, 0xFE, 0x01, 0x1F, 0x25, 0xFF, 0x01, 0xF0, 0x01, 0x7F, 0x08, 0xFF, 0x01, 0xF8, 0x01, 0x3F,
    0x0A, 0xFF, 0x01, 0xE0, 0x09, 0xFF, 0x01, 0xF0, 0x01, 0x7F, 0x0A, 0xFF, 0x01, 0xC1, 0x09, 0xFF,
    0x01, 0xE0, 0x06, 0xFF, 0x01, 0xFE, 0x01, 0x1F, 0x25, 0xFF, 0x01, 0xF8, 0x01, 0x7F, 0x08, 0xFF,
    0x01, 0xF8, 0x01, 0x7F, 0x0A, 0xFF, 0x01, 0xF0, 0x09, 0xFF, 0x01, 0xF0, 0x0B, 0xFF, 0x01, 0xE1,
    0x09, 0xFF, 0x01, 0xE1, 0x06, 0xFF, 0x01, 0xFE, 0x01, 0x1F, 0x25, 0xFF, 0x01, 0xFC, 0x01, 0x3F,
    0x08, 0xFF, 0x01, 0xF0, 0x0B, 0xFF, 0x01, 0xF8, 0x01, 0x7F, 0x08, 0xFF, 0x01, 0xE1, 0x0B, 0xFF,
    0x01, 0xF0, 0x09, 0xFF, 0x01, 0xC3, 0x06, 0xFF, 0x01, 0xFE, 0x01, 0x1F, 0x25, 0xFF, 0x01, 0xFE,
    0x01, 0x1F, 0x08, 0xFF, 0x01, 0xE1, 0x0B, 0xFF, 0x01, 0xFC, 0x01, 0x3F, 0x08, 0xFF, 0x01, 0xC3,
    0x0B, 0xFF, 0x01, 0xF8, 0x01, 0x7F, 0x08, 0xFF, 0x01, 0x87, 0x06, 0xFF, 0x01, 0xFE, 0x01, 0x1F,
    0x25, 0xFF, 0x01, 0xFE, 0x01, 0x0F, 0x08, 0xFF, 0x01, 0xC1, 0x0B, 0xFF, 0x01, 0xFC, 0x01, 0x1F,
    0x08, 0xFF, 0x01, 0x83, 0x0B, 0xFF, 0x01, 0xF8, 0x01, 0x3F, 0x08, 0xFF, 0x01, 0x07, 0x06, 0xFF,
    0x01, 0xFE, 0x01, 0x1F, 0x26, 0xFF, 0x01, 0x07, 0x08, 0xFF, 0x01, 0x83, 0x0B, 0xFF, 0x01, 0xFE,
    0x01, 0x0F, 0x08, 0xFF, 0x01, 0x07, 0x0B, 0xFF, 0x01, 0xFC, 0x01, 0x1F, 0x07, 0xFF, 0x01, 0xFE,
    0x01, 0x0F, 0x06, 0xFF, 0x01, 0xFE, 0x01, 0x1F, 0x26, 0xFF, 0x01, 0x83, 0x08, 0xFF, 0x01, 0x07,
    0x0C, 0xFF, 0x01, 0x07, 0x07, 0xFF, 0x01, 0xFE, 0x01, 0x0F, 0x0B, 0xFF, 0x01, 0xFE, 0x01, 0x0F,
    0x07, 0xFF, 0x01, 0xFC, 0x01, 0x1F, 0x06, 0xFF, 0x01, 0xFE, 0x01, 0x1F, 0x26, 0xFF, 0x01, 0xC1,
    0x07, 0xFF, 0x01, 0xFE, 0x01, 0x0F, 0x0C, 0xFF, 0x01, 0x83, 0x07, 0xFF, 0x01, 0xFC, 0x01, 0x1F,
    0x0C, 0xFF, 0x01, 0x07, 0x07, 0xFF, 0x01, 0xF8, 0x01, 0x3F, 0x06, 0xFF, 0x01, 0xFE, 0x01, 0x1F,
    0x26, 0xFF, 0x01, 0xE0, 0x07, 0xFF, 0x01, 0xFC, 0x01, 0x1F, 0x0C, 0xFF, 0x01, 0xC1, 0x07, 0xFF,
    0x01, 0xF8, 0x01, 0x3F, 0x0C, 0xFF, 0x01, 0x83, 0x07, 0xFF, 0x01, 0xF0, 0x01, 0x7F, 0x06, 0xFF,
    0x01, 0xFE, 0x01, 0x1F, 0x26, 0xFF, 0x01, 0xF0, 0x01, 0x7F, 0x06, 0xFF, 0x01, 0xF8, 0x01, 0x3F,
    0x0C, 0xFF, 0x01, 0xE0, 0x07, 0xFF, 0x01, 0xF0, 0x01, 0x7F, 0x0C, 0xFF, 0x01, 0xC1, 0x07, 0xFF,
    0x01, 0xE0, 0x07, 0xFF, 0x01, 0xFE, 0x01, 0x1F, 0x26, 0xFF, 0x01, 0xF8, 0x01, 0x3F, 0x06, 0xFF,
    0x01, 0xF0, 0x01, 0x7F, 0x0C, 0xFF, 0x01, 0xF0, 0x01, 0x7F, 0x06, 0xFF, 0x01, 0xE0, 0x0D, 0xFF,
    0x01, 0xE0, 0x07, 0xFF, 0x01, 0xC1, 0x07, 0xFF, 0x01, 0xFE, 0x01, 0x1F, 0x26, 0xFF, 0x01, 0xFC,
    0x01, 0x0F, 0x06, 0xFF, 0x01, 0xC0, 0x0D, 0xFF, 0x01, 0xF8, 0x01, 0x1F, 0x06, 0xFF, 0x01, 0x81,
    0x0D, 0xFF, 0x01, 0xF0, 0x01, 0x3F, 0x06, 0xFF, 0x01, 0x03, 0x07, 0xFF, 0x01, 0xFE, 0x01, 0x1F,
    0x26, 0xFF, 0x01, 0xFE, 0x01, 0x07, 0x06, 0xFF, 0x01, 0x81, 0x0D, 0xFF, 0x01, 0xFC, 0x01, 0x0F,
    0x06, 0xFF, 0x01, 0x03, 0x0D, 0xFF, 0x01, 0xF8, 0x01, 0x1F, 0x05, 0xFF, 0x01, 0xFE, 0x01, 0x07,
    0x07, 0xFF, 0x01, 0xFE, 0x01, 0x1F, 0x27, 0xFF, 0x01, 0x81, 0x05, 0xFF, 0x01, 0xFE, 0x01, 0x07,
    0x0D, 0xFF, 0x01, 0xFE, 0x01, 0x03, 0x05, 0xFF, 0x01, 0xFC, 0x01, 0x0F, 0x0D, 0xFF, 0x01, 0xFE,
    0x01, 0x07, 0x05, 0xFF, 0x01, 0xF8, 0x01, 0x1F, 0x07, 0xFF, 0x01, 0xFE, 0x01, 0x1F, 0x27, 0xFF,
    0x01, 0xC0, 0x05, 0xFF, 0x01, 0xFC, 0x01, 0x0F, 0x0E, 0xFF, 0x01, 0x81, 0x05, 0xFF, 0x01, 0xF8,
    0x01, 0x1F, 0x0E, 0xFF, 0x01, 0x03, 0x05, 0xFF, 0x01, 0xF0, 0x01, 0x3F, 0x07, 0xFF, 0x01, 0xFE,
    0x01, 0x1F, 0x27, 0xFF, 0x01, 0xE0, 0x01, 0x3F, 0x04, 0xFF, 0x01, 0xF0, 0x01, 0x1F, 0x0E, 0xFF,
    0x01, 0xC0, 0x01, 0x7F, 0x04, 0xFF, 0x01, 0xE0, 0x01, 0x3F, 0x0E, 0xFF, 0x01, 0x80, 0x05, 0xFF,
    0x01, 0xC0, 0x01, 0x7F, 0x07, 0xFF, 0x01, 0xFE, 0x01, 0x1F, 0x27, 0xFF, 0x01, 0xF8, 0x01, 0x0F,
    0x04, 0xFF, 0x01, 0xC0, 0x01, 0x7F, 0x0E, 0xFF, 0x01, 0xF0, 0x01, 0x0F, 0x04, 0xFF, 0x01, 0x80,
    0x0F, 0xFF, 0x01, 0xE0, 0x01, 0x3F, 0x04, 0xFF, 0x01, 0x01, 0x31, 0xFF, 0x01, 0xFC, 0x01, 0x01,
    0x03, 0xFF, 0x01, 0xFE, 0x01, 0x00, 0x0F, 0xFF, 0x01, 0xF8, 0x01, 0x03, 0x03, 0xFF, 0x01, 0xFC,
    0x01, 0x01, 0x0F, 0xFF, 0x01, 0xF0, 0x01, 0x07, 0x03, 0xFF, 0x01, 0xF8, 0x01, 0x03, 0x32, 0xFF,
    0x01, 0x00, 0x01, 0x3F, 0x02, 0xFF, 0x01, 0xF0, 0x01, 0x03, 0x0F, 0xFF, 0x01, 0xFE, 0x01, 0x00,
    0x01, 0x7F, 0x02, 0xFF, 0x01, 0xE0, 0x01, 0x07, 0x0F, 0xFF, 0x01, 0xFC, 0x01, 0x00, 0x03, 0xFF,
    0x01, 0xC0, 0x01, 0x0F, 0x32, 0xFF, 0x01, 0xC0, 0x01, 0x01, 0x01, 0xFF, 0x01, 0xFE, 0x01, 0x00,
    0x01, 0x0F, 0x10, 0xFF, 0x01, 0x80, 0x01, 0x07, 0x01, 0xFF, 0x01, 0xFC, 0x01, 0x00, 0x01, 0x1F,
    0x10, 0xFF, 0x01, 0x00, 0x01, 0x07, 0x01, 0xFF, 0x01, 0xF8, 0x01, 0x00, 0x01, 0x3F, 0x32, 0xFF,
    0x01, 0xF8, 0x04, 0x00, 0x01, 0x7F, 0x10, 0xFF, 0x01, 0xF0, 0x04, 0x00, 0x11, 0xFF, 0x01, 0xE0,
    0x03, 0x00, 0x01, 0x01, 0x33, 0xFF, 0x01, 0xFE, 0x03, 0x00, 0x01, 0x01, 0x11, 0xFF, 0x01, 0xFE,
    0x03, 0x00, 0x01, 0x03, 0x11, 0xFF, 0x01, 0xF8, 0x03, 0x00, 0x01, 0x07, 0x34, 0xFF, 0x01, 0xF0,
    0x02, 0x00, 0x01, 0x3F, 0x12, 0xFF, 0x01, 0xF0, 0x02, 0x00, 0x01, 0x7F, 0x12, 0xFF, 0x01, 0xC0,
    0x02, 0x00, 0x36, 0xFF, 0x01, 0xC0, 0x01, 0x0F, 0x14, 0xFF, 0x01, 0xE0, 0x01, 0x1F, 0x14, 0xFF,
    0x01, 0x00, 0x01, 0x3F, 0xFF, 0xFF, 0xFF, 0xFF, 0xFF, 0xFF, 0xFF, 0xFF, 0xFF, 0xFF, 0xFF, 0xFF,
    0xFF, 0xFF, 0xFF, 0xFF, 0xFF, 0xFF, 0x94, 0xFF,
};

const uint8_t kServerStatusRedRle[] PROGMEM = {
    0xFF, 0xFF, 0xFF, 0xFF, 0xFF, 0xFF, 0xFF, 0xFF, 0xFF, 0xFF, 0xFF, 0xFF, 0xFF, 0xFF, 0xFF, 0xFF,
    0xFF, 0xFF, 0xD5, 0xFF, 0x01, 0x7F, 0x09, 0xFF, 0x01, 0xFB, 0x5D, 0xFF, 0x01, 0xDF, 0x03, 0xFF,
    0x01, 0xEF, 0x01, 0xFF, 0x01, 0xFB, 0x5D, 0xFF, 0x01, 0xDF, 0x5E, 0xFF, 0x01, 0xFB, 0x04, 0xFF,
    0x01, 0xDF, 0x01, 0xBF, 0x02, 0xFF, 0x01, 0xF7, 0x01, 0xEF, 0x56, 0xFF, 0x01, 0xFB, 0x07, 0xFF,
    0x01, 0xDF, 0x03, 0xFF, 0x01, 0xFB, 0x01, 0xEF, 0x56, 0xFF, 0x01, 0xFB, 0x01, 0xFF, 0x01, 0xEF,
    0x05, 0xFF, 0x01, 0xDF, 0x01, 0xFF, 0x01, 0x7F, 0x59, 0xFF, 0x01, 0xFB, 0x07, 0xFF, 0x01, 0xDF,
    0x05, 0xFF, 0x01, 0xEF, 0x56, 0xFF, 0x01, 0xFE, 0x02, 0xFF, 0x01, 0x7F, 0x03, 0xFF, 0x01, 0xDF,
    0x05, 0xFF, 0x01, 0xDF, 0x01, 0x7F, 0x5E, 0xFF, 0x01, 0xBF, 0x60, 0xFF, 0x01, 0xFE, 0x0F, 0xFF,
    0x01, 0xEF, 0x01, 0xFF, 0x01, 0xEF, 0x59, 0xFF, 0x01, 0xEF, 0x07, 0xFF, 0x01, 0xEF, 0x01, 0x7F,
    0x01, 0xEF, 0x02, 0xFF, 0x01, 0xBF, 0x47, 0xFF, 0x01, 0xFB, 0x0A, 0xFF, 0x01, 0xFD, 0x02, 0xFF,
    0x01, 0xF7, 0x08, 0xFF, 0x01, 0xEF, 0x01, 0x7F, 0x01, 0xBF, 0x01, 0x7D, 0x01, 0xFF, 0x01, 0xBF,
    0x47, 0xFF, 0x01, 0xFB, 0x02, 0xFF, 0x01, 0xDF, 0x09, 0xFF, 0x01, 0xEF, 0x08, 0xFF, 0x01, 0x7F,
    0x01, 0xEF, 0x01, 0xFF, 0x01, 0x7F, 0x01, 0xEF, 0x01, 0xFF, 0x01, 0xF7, 0x01, 0xFD, 0x46, 0xFF,
    0x01, 0xFB, 0x01, 0xFF, 0x01, 0xF7, 0x12, 0xFF, 0x01, 0xF7, 0x01, 0x7E, 0x01, 0xEF, 0x01, 0x7F,
    0x01, 0xFE, 0x01, 0xEF, 0x02, 0xFF, 0x01, 0xDF, 0x4E, 0xFF, 0x01, 0xDF, 0x01, 0xFF, 0x01, 0xDF,
    0x02, 0xFF, 0x01, 0xF7, 0x07, 0xFF, 0x01, 0xFB, 0x01, 0x7F, 0x01, 0xEF, 0x01, 0x7F, 0x04, 0xFF,
    0x01, 0x7F, 0x48, 0xFF, 0x01, 0xEF, 0x01, 0xDF, 0x07, 0xFF, 0x01, 0xFB, 0x09, 0xFF, 0x01, 0xFB,
    0x01, 0x7E, 0x01, 0xEF, 0x01, 0xFF, 0x01, 0x5E, 0x4B, 0xFF, 0x01, 0xFD, 0x01, 0xFF, 0x01, 0xDF,
    0x08, 0xFF, 0x01, 0xBF, 0x02, 0xFF, 0x01, 0xFD, 0x05, 0xFF, 0x01, 0xFB, 0x01, 0x7F, 0x01, 0xEF,
    0x02, 0x7F, 0x02, 0xFF, 0x01, 0xF7, 0x01, 0x7F, 0x46, 0xFF, 0x01, 0xFB, 0x02, 0xFF, 0x01, 0xDF,
    0x04, 0xFF, 0x01, 0xDF, 0x02, 0xFF, 0x01, 0xF7, 0x01, 0xFF, 0x01, 0xF7, 0x07, 0xFF, 0x01, 0xFB,
    0x01, 0x7E, 0x01, 0xEF, 0x01, 0x7F, 0x02, 0xFF, 0x01, 0xDF, 0x01, 0xBF, 0x47, 0xFF, 0x01, 0xFB,
    0x01, 0xFE, 0x03, 0xFF, 0x01, 0xFB, 0x02, 0xFF, 0x01, 0xDF, 0x06, 0xFF, 0x01, 0xFE, 0x05, 0xFF,
    0x01, 0xFB, 0x01, 0x7F, 0x01, 0xFF, 0x01, 0x7F, 0x01, 0xFF, 0x01, 0xBF, 0x01, 0xDF, 0x01, 0xBF,
    0x46, 0xFF, 0x01, 0xFE, 0x01, 0xFB, 0x07, 0xFF, 0x01, 0xDF, 0x01, 0xFF, 0x01, 0x7F, 0x01, 0xFF,
    0x01, 0xDF, 0x01, 0xEF, 0x0A, 0xFF, 0x01, 0x7F, 0x01, 0xFF, 0x01, 0x7F, 0x02, 0xFF, 0x01, 0xEF,
    0x46, 0xFF, 0x01, 0xFB, 0x01, 0xFE, 0x05, 0xFF, 0x01, 0xFB, 0x01, 0xDF, 0x02, 0xFF, 0x01, 0xDF,
    0x09, 0xFF, 0x01, 0xF6, 0x01, 0xFF, 0x01, 0xEF, 0x01, 0x7F, 0x01, 0x7B, 0x01, 0xFD, 0x01, 0xFF,
    0x01, 0xB7, 0x01, 0xFD, 0x4D, 0xFF, 0x01, 0xFB, 0x01, 0xDF, 0x02, 0xFF, 0x01, 0xBF, 0x03, 0xFF,
    0x01, 0xEF, 0x53, 0xFF, 0x01, 0xFD, 0x08, 0xFF, 0x01, 0xDF, 0x63, 0xFF, 0x01, 0xDF, 0x02, 0xFF,
    0x01, 0xBF, 0x58, 0xFF, 0x01, 0xEF, 0x01, 0xFD, 0x06, 0xFF, 0x01, 0xDF, 0x02, 0xFF, 0x01, 0xDF,
    0xFF, 0xFF, 0xFF, 0xFF, 0xFF, 0xFF, 0xFF, 0xFF, 0xFF, 0xFF, 0xFF, 0xFF, 0xFF, 0xFF, 0xFF, 0xFF,
    0xFF, 0xFF, 0xFF, 0xFF, 0xFF, 0xFF, 0xFF, 0xFF, 0xFF, 0xFF, 0xFF, 0xFF, 0xFF, 0xFF, 0xFF, 0xFF,
    0xD4, 0xFF, 0x01, 0xDF, 0x03, 0xFF, 0x01, 0x7F, 0x5E, 0xFF, 0x01, 0xFD, 0x02, 0xFF, 0x01, 0xBF,
    0x61, 0xFF, 0x01, 0xDF, 0x5F, 0xFF, 0x01, 0xEF, 0x03, 0xFF, 0x01, 0x7F, 0x01, 0xFD, 0x02, 0xFF,
    0x01, 0xDF, 0x5E, 0xFF, 0x01, 0xFD, 0x64, 0xFF, 0x01, 0x7F, 0x04, 0xFF, 0x01, 0xED, 0x5D, 0xFF,
    0x01, 0xFD, 0x01, 0xFE, 0x03, 0xFF, 0x01, 0xED, 0x3D, 0xFF, 0x01, 0xEF, 0x21, 0xFF, 0x01, 0x7F,
    0x03, 0xFF, 0x01, 0xED, 0x3D, 0xFF, 0x01, 0xDF, 0x01, 0xFF, 0x01, 0x7F, 0x01, 0xFF, 0x01, 0x7F,
    0x1A, 0xFF, 0x01, 0xDF, 0x01, 0x7F, 0x01, 0xFF, 0x01, 0xBF, 0x02, 0xFF, 0x01, 0xFE, 0x01, 0xED,
    0x3B, 0xFF, 0x01, 0xEF, 0x03, 0xFF, 0x01, 0x7F, 0x01, 0xFE, 0x19, 0xFF, 0x01, 0xFD, 0x01, 0xFF,
    0x01, 0xEF, 0x01, 0x7F, 0x04, 0xFF, 0x01, 0xFE, 0x01, 0xED, 0x3B, 0xFF, 0x01, 0xEF, 0x01, 0xFE,
    0x01, 0xFF, 0x02, 0x7F, 0x01, 0xFF, 0x01, 0x7F, 0x1D, 0xFF, 0x01, 0xDF, 0x03, 0xFF, 0x01, 0xFD,
    0x01, 0xFE, 0x3A, 0xFF, 0x01, 0xEF, 0x01, 0xFF, 0x01, 0x7F, 0x01, 0xFF, 0x01, 0x6F, 0x01, 0xFF,
    0x01, 0x7F, 0x1A, 0xFF, 0x01, 0xFE, 0x02, 0xFF, 0x01, 0xDF, 0x01, 0xFE, 0x01, 0xFF, 0x01, 0xDF,
    0x01, 0xDD, 0x3F, 0xFF, 0x01, 0x7F, 0x01, 0xFF, 0x01, 0x7F, 0x1C, 0xFF, 0x01, 0xBD, 0x01, 0xDF,
    0x01, 0xFD, 0x01, 0xFF, 0x03, 0xFD, 0x3A, 0xFF, 0x01, 0xEF, 0x03, 0xFF, 0x01, 0x7F, 0x01, 0xFF,
    0x01, 0x7F, 0x1D, 0xFF, 0x01, 0xDF, 0x03, 0xFF, 0x01, 0xDD, 0x3B, 0xFF, 0x01, 0xEF, 0x01, 0xFE,
    0x02, 0xFF, 0x01, 0x7F, 0x01, 0xFF, 0x01, 0x7F, 0x5D, 0xFF, 0x01, 0xEF, 0x03, 0xFF, 0x01, 0x7F,
    0x01, 0xFF, 0x01, 0x7F, 0x5D, 0xFF, 0x01, 0xEF, 0x03, 0xFF, 0x01, 0x7F, 0x01, 0xFF, 0x01, 0x7F,
    0x61, 0xFF, 0x01, 0x7F, 0x01, 0xFF, 0x01, 0x7F, 0x5D, 0xFF, 0x01, 0xEF, 0x01, 0xBF, 0x03, 0xFF,
    0x01, 0xFE, 0x5E, 0xFF, 0x01, 0xEF, 0x63, 0xFF, 0x01, 0xEF, 0x05, 0xFF, 0x01, 0x7E, 0x5D, 0xFF,
    0x01, 0xEF, 0x02, 0xFF, 0x01, 0xDF, 0x01, 0xFF, 0x01, 0xFE, 0x5D, 0xFF, 0x01, 0xFE, 0x01, 0xFF,
    0x01, 0xFE, 0x01, 0xFD, 0x01, 0xFF, 0x01, 0x7F, 0x01, 0xFF, 0x01, 0x7B, 0xFF, 0xFF, 0xFF, 0xFF,
    0xFF, 0xFF, 0xFF, 0xFF, 0xFF, 0xFF, 0xFF, 0xFF, 0xFF, 0xFF, 0xFF, 0xFF, 0xFF, 0xFF, 0xFF, 0xFF,
    0xFF, 0xFF, 0xFF, 0xFF, 0xFF, 0xFF, 0x4F, 0xFF, 0x01, 0xF7, 0x01, 0xFF, 0x01, 0xF7, 0x01, 0xFB,
    0x01, 0xFF, 0x01, 0xF7, 0x60, 0xFF, 0x01, 0x7F, 0x01, 0xFB, 0x01, 0xFF, 0x01, 0x7F, 0x5E, 0xFF,
    0x01, 0xFB, 0x01, 0x7F, 0x01, 0xF7, 0x01, 0xFB, 0x01, 0xFF, 0x01, 0xF7, 0x5F, 0xFF, 0x01, 0x7F,
    0x01, 0xFF, 0x01, 0xFB, 0x60, 0xFF, 0x01, 0xF7, 0x01, 0xFF, 0x01, 0xF7, 0x01, 0xFB, 0x01, 0xFF,
    0x01, 0xF7, 0x61, 0xFF, 0x01, 0xFB, 0x38, 0xFF, 0x01, 0xEF, 0x29, 0xFF, 0x01, 0xF7, 0x01, 0xFB,
    0x01, 0xFF, 0x01, 0xF7, 0x36, 0xFF, 0x01, 0xBF, 0x13, 0xFF, 0x01, 0xDF, 0x02, 0xFF, 0x01, 0xFB,
    0x13, 0xFF, 0x01, 0xFB, 0x37, 0xFF, 0x01, 0x7F, 0x01, 0xFF, 0x01, 0xBF, 0x12, 0xFF, 0x02, 0xDF,
    0x01, 0xFF, 0x01, 0xFB, 0x01, 0xDF, 0x11, 0xFF, 0x01, 0xBD, 0x01, 0xFB, 0x01, 0xFF, 0x01, 0xBD,
    0x36, 0xFF, 0x01, 0xBF, 0x01, 0xFE, 0x12, 0xFF, 0x02, 0xDF, 0x01, 0xFF, 0x01, 0xFB, 0x01, 0xDF,
    0x12, 0xFF, 0x01, 0xFB, 0x38, 0xFF, 0x01, 0xFD, 0x13, 0xFF, 0x01, 0xDF, 0x01, 0xDE, 0x01, 0xFF,
    0x01, 0xFB, 0x10, 0xFF, 0x01, 0xF7, 0x02, 0xFF, 0x01, 0x7B, 0x02, 0xFF, 0x01, 0x7F, 0x34, 0xFF,
    0x01, 0x7F, 0x01, 0xBF, 0x01, 0xF7, 0x10, 0xFF, 0x01, 0xFD, 0x01, 0xFF, 0x01, 0xDF, 0x01, 0xFE,
    0x01, 0xFF, 0x01, 0xFB, 0x01, 0xDF, 0x4B, 0xFF, 0x01, 0x7F, 0x13, 0xFF, 0x01, 0xDF, 0x01, 0xDE,
    0x01, 0xFF, 0x01, 0xFB, 0x01, 0xDF, 0x4A, 0xFF, 0x01, 0x7F, 0x01, 0xFF, 0x01, 0xF7, 0x12, 0xFF,
    0x01, 0xDF, 0x01, 0xDE, 0x01, 0xFF, 0x01, 0xFB, 0x4C, 0xFF, 0x01, 0xBF, 0x01, 0xF6, 0x13, 0xFF,
    0x01, 0xFE, 0x01, 0xFF, 0x01, 0xFB, 0x01, 0xDF, 0x4B, 0xFF, 0x01, 0xEE, 0x01, 0xF7, 0x13, 0xFF,
    0x01, 0xDE, 0x01, 0xFF, 0x01, 0xFB, 0x01, 0xDF, 0x4A, 0xFF, 0x01, 0x7F, 0x01, 0xED, 0x11, 0xFF,
    0x01, 0xDF, 0x01, 0xFF, 0x01, 0xBF, 0x01, 0xDE, 0x01, 0xFF, 0x01, 0xBF, 0x01, 0xDF, 0x5F, 0xFF,
    0x01, 0x7F, 0x03, 0xFF, 0x01, 0xDF, 0x61, 0xFF, 0x01, 0x7F, 0x01, 0xFB, 0x01, 0xDF, 0xFF, 0xFF,
    0xFF, 0xFF, 0xFF, 0xFF, 0xFF, 0xFF, 0xFF, 0xFF, 0xFF, 0xFF, 0xFF, 0xFF, 0xFF, 0xFF, 0xFF, 0xFF,
    0xFF, 0xFF, 0xFF, 0xFF, 0xFF, 0xFF, 0xFF, 0xFF, 0xFF, 0xFF, 0xFF, 0xFF, 0xFF, 0xFF, 0xFF, 0xFF,
    0xFF, 0xFF, 0xFF, 0xFF, 0xFF, 0xFF, 0xFF, 0xFF, 0xFF, 0xFF, 0xFF, 0xFF, 0xFF, 0xFF, 0xFF, 0xFF,
    0xFF, 0xFF, 0xFF, 0xFF, 0x6C, 0xFF, 0x01, 0xF7, 0x01, 0xFF, 0x01, 0xFD, 0x01, 0xFF, 0x01, 0x7F,
    0x01, 0xFF, 0x01, 0xDF, 0x5D, 0xFF, 0x02, 0xF7, 0x01, 0xFF, 0x01, 0xFD, 0x60, 0xFF, 0x02, 0xF7,
    0x01, 0xFF, 0x01, 0xFD, 0x60, 0xFF, 0x02, 0xF7, 0x62, 0xFF, 0x01, 0xF7, 0x02, 0xFF, 0x01, 0xFD,
    0x01, 0xDE, 0x5F, 0xFF, 0x02, 0xF7, 0x02, 0xFF, 0x01, 0xFE, 0x5F, 0xFF, 0x02, 0xF7, 0x01, 0xFF,
    0x01, 0xFD, 0x01, 0xFE, 0x63, 0xFF, 0x01, 0xFE, 0x4C, 0xFF, 0x01, 0xFB, 0x01, 0xF7, 0x12, 0xFF,
    0x01, 0xF7, 0x51, 0xFF, 0x01, 0xF7, 0x10, 0xFF, 0x01, 0xEF, 0x01, 0xF7, 0x4F, 0xFF, 0x01, 0xF7,
    0x12, 0xFF, 0x01, 0xDF, 0x50, 0xFF, 0x01, 0xF7, 0x01, 0xBF, 0x62, 0xFF, 0x01, 0xF7, 0x01, 0xBF,
    0x63, 0xFF, 0x01, 0xEF, 0x63, 0xFF, 0x01, 0xEF, 0xFF, 0xFF, 0xFF, 0xFF, 0x1B, 0xFF, 0x01, 0xFE,
    0x01, 0x01, 0x01, 0xCC, 0x01, 0xC8, 0x01, 0x39, 0x01, 0xFC, 0x01, 0xEF, 0x01, 0x9F, 0x01, 0xFF,
    0x01, 0xDF, 0x5B, 0xFF, 0x01, 0x9E, 0x01, 0x48, 0x01, 0x03, 0x01, 0x38, 0x01, 0x1C, 0x01, 0xC7,
    0x01, 0x9F, 0x01, 0x07, 0x01, 0xDF, 0x5B, 0xFF, 0x01, 0x36, 0x01, 0x4C, 0x01, 0xCB, 0x01, 0x33,
    0x01, 0x70, 0x01, 0xE7, 0x01, 0x9F, 0x01, 0x60, 0x01, 0x07, 0x5B, 0xFF, 0x01, 0x32, 0x01, 0x4C,
    0x01, 0x08, 0x01, 0x32, 0x01, 0x50, 0x01, 0xFF, 0x01, 0x9F, 0x01, 0x67, 0x01, 0xDF, 0x5A, 0xFF,
    0x01, 0xFE, 0x01, 0x00, 0x01, 0x4C, 0x01, 0xCB, 0x01, 0x32, 0x01, 0xD0, 0x01, 0x8C, 0x01, 0x01,
    0x01, 0x65, 0x01, 0xDF, 0x5B, 0xFF, 0x01, 0xFC, 0x01, 0x4C, 0x01, 0x0B, 0x01, 0x22, 0x01, 0x00,
    0x01, 0xEF, 0x01, 0x9F, 0x01, 0x00, 0x01, 0xDF, 0x5B, 0xFF, 0x01, 0xCE, 0x01, 0x4C, 0x01, 0xCB,
    0x01, 0x23, 0x01, 0xE0, 0x01, 0xEF, 0x01, 0x9F, 0x01, 0x64, 0x01, 0xDF, 0x5B, 0xFF, 0x01, 0x02,
    0x01, 0x48, 0x01, 0x00, 0x01, 0x23, 0x01, 0x30, 0x01, 0xEF, 0x01, 0x9F, 0x01, 0x66, 0x01, 0x5F,
    0x5B, 0xFF, 0x01, 0xCE, 0x01, 0x4E, 0x01, 0xDB, 0x01, 0x22, 0x01, 0x10, 0x01, 0xEF, 0x01, 0x9F,
    0x01, 0x66, 0x01, 0x9F, 0x5B, 0xFF, 0x01, 0xCF, 0x01, 0xCC, 0x01, 0x93, 0x01, 0x33, 0x01, 0x30,
    0x01, 0xE3, 0x01, 0x9F, 0x01, 0x67, 0x01, 0xDF, 0x5B, 0xFF, 0x01, 0xCF, 0x01, 0xC9, 0x01, 0xC3,
    0x01, 0x33, 0x01, 0x0C, 0x01, 0xC7, 0x01, 0x9F, 0x01, 0x07, 0x01, 0x9F, 0x5A, 0xFF, 0x01, 0xFE,
    0x01, 0x03, 0x01, 0x1D, 0x01, 0xFE, 0x02, 0x30, 0x01, 0xEF, 0x01, 0x9F, 0x01, 0x66, 0x01, 0x1F,
    0xFF, 0xFF, 0xFF, 0xFF, 0xFF, 0xFF, 0xFF, 0xFF, 0xFF, 0xFF, 0xFF, 0xFF, 0xFF, 0xFF, 0xFF, 0xFF,
    0xFF, 0xFF, 0xFF, 0xFF, 0xFF, 0xFF, 0xFF, 0xFF, 0xFF, 0xFF, 0xFF, 0xFF, 0xFF, 0xFF, 0xFF, 0xFF,
    0xFF, 0xFF, 0x4D, 0xFF, 0x02, 0x00, 0x01, 0x3F, 0x61, 0xFF, 0x02, 0x00, 0x01, 0x3F, 0x61, 0xFF,
    0x02, 0x00, 0x01, 0x3F, 0x61, 0xFF, 0x01, 0xFE, 0x01, 0x3F, 0x62, 0xFF, 0x01, 0xFE, 0x01, 0x3F,
    0x62, 0xFF, 0x01, 0xFE, 0x01, 0x3F, 0x62, 0xFF, 0x01, 0xFE, 0x01, 0x3F, 0x61, 0xFF, 0x01, 0xFC,
    0x02, 0x00, 0x01, 0x1F, 0x60, 0xFF, 0x01, 0xFC, 0x02, 0x00, 0x01, 0x1F, 0x60, 0xFF, 0x01, 0xFC,
    0x02, 0x00, 0x01, 0x1F, 0x61, 0xFF, 0x01, 0xFC, 0x01, 0x1F, 0x62, 0xFF, 0x01, 0xFC, 0x01, 0x0F,
    0x62, 0xFF, 0x01, 0xF8, 0x01, 0x87, 0x62, 0xFF, 0x01, 0xF0, 0x01, 0xC7, 0x62, 0xFF, 0x01, 0xE1,
    0x01, 0xC1, 0x62, 0xFF, 0x01, 0x83, 0x01, 0xE0, 0x62, 0xFF, 0x01, 0x07, 0x01, 0xF0, 0x01, 0x3F,
    0x60, 0xFF, 0x01, 0xFE, 0x01, 0x0F, 0x01, 0xF8, 0x01, 0x1F, 0x60, 0xFF, 0x01, 0xFE, 0x01, 0x1F,
    0x01, 0xFC, 0x01, 0x3F, 0x61, 0xFF, 0x01, 0x7F, 0x01, 0xFF, 0x01, 0x7F, 0x0C, 0xFF, 0x01, 0x7F,
    0x01, 0xFF, 0x01, 0x7F, 0x61, 0xFF, 0x01, 0xED, 0x01, 0xFF, 0x01, 0xFE, 0x61, 0xFF, 0x01, 0xFB,
    0x01, 0xFF, 0x01, 0xFB, 0x63, 0xFF, 0x01, 0xFB, 0x60, 0xFF, 0x01, 0xFD, 0x01, 0xDF, 0x01, 0xBE,
    0x01, 0xFB, 0x63, 0xFF, 0x01, 0xFB, 0x5F, 0xFF, 0x01, 0xFD, 0x03, 0xFF, 0x01, 0xFB, 0x63, 0xFF,
    0x01, 0xFB, 0x5F, 0xFF, 0x01, 0xFE, 0x03, 0xFF, 0x01, 0xDF, 0x01, 0x7F, 0x61, 0xFF, 0x01, 0xFE,
    0x01, 0xDF, 0x01, 0x7F, 0x60, 0xFF, 0x01, 0xF7, 0x02, 0xFF, 0x01, 0x7F, 0x60, 0xFF, 0x01, 0xEF,
    0x02, 0xFF, 0x01, 0x6F, 0x5C, 0xFF, 0x01, 0xF7, 0x03, 0xFF, 0x01, 0xBF, 0x01, 0x7F, 0x61, 0xFF,
    0x01, 0xFD, 0x02, 0xFF, 0x01, 0xDF, 0xFF, 0xFF, 0xFF, 0xFF, 0xFF, 0xFF, 0xFF, 0xFF, 0xFF, 0xFF,
    0xFF, 0xFF, 0xFF, 0xFF, 0xFF, 0xFF, 0xFF, 0xFF, 0xFF, 0xFF, 0x0F, 0xFF, 0x01, 0xEF, 0x61, 0xFF,
    0x01, 0xFE, 0x01, 0xF7, 0x01, 0xFF, 0x01, 0xFB, 0x5F, 0xFF, 0x01, 0xBF, 0x03, 0xFF, 0x01, 0xFB,
    0x5D, 0xFF, 0x01, 0xFE, 0x02, 0xFF, 0x01, 0xFE, 0x01, 0xEF, 0x61, 0xFF, 0x01, 0xFB, 0x63, 0xFF,
    0x01, 0xFD, 0x03, 0xFF, 0x01, 0xBF, 0x5F, 0xFF, 0x01, 0xFD, 0x04, 0xFF, 0x01, 0xEF, 0x5D, 0xFF,
    0x02, 0xFD, 0x62, 0xFF, 0x01, 0x7D, 0x01, 0xED, 0x04, 0xFF, 0x01, 0xEF, 0x5D, 0xFF, 0x01, 0xED,
    0x01, 0xEF, 0x62, 0xFF, 0x01, 0xDD, 0x01, 0xEF, 0x04, 0xFF, 0x01, 0xEF, 0x5C, 0xFF, 0x01, 0xFE,
    0x01, 0xFD, 0xFF, 0xFF, 0xFF, 0xFF, 0xFF, 0xFF, 0xFF, 0xFF, 0xFF, 0xFF, 0xFF, 0xFF, 0xFF, 0xFF,
    0xFF, 0xFF, 0xFF, 0xFF, 0xCE, 0xFF, 0x01, 0x7F, 0x01, 0xFB, 0x01, 0xFF, 0x01, 0xFE, 0x5D, 0xFF,
    0x01, 0xFE, 0x02, 0xFF, 0x01, 0x7F, 0x01, 0xEF, 0x61, 0xFF, 0x01, 0xFD, 0x01, 0xFF, 0x01, 0xEF,
    0x61, 0xFF, 0x01, 0xFB, 0x62, 0xFF, 0x01, 0x7F, 0x02, 0xFF, 0x01, 0xEE, 0x01, 0xF7, 0x5E, 0xFF,
    0x01, 0xFE, 0x01, 0xFF, 0x01, 0xDB, 0x02, 0xFF, 0x01, 0xF7, 0x62, 0xFF, 0x01, 0xEF, 0x01, 0xF7,
    0x60, 0xFF, 0x01, 0xFB, 0x01, 0xFD, 0x01, 0xFF, 0x01, 0xF7, 0x5E, 0xFF, 0x01, 0xFE, 0x01, 0xFF,
    0x01, 0xFE, 0x63, 0xFF, 0x01, 0xFE, 0x01, 0xEF, 0x62, 0xFF, 0x01, 0xFE, 0x01, 0xFB, 0xFF, 0xFF,
    0xCA, 0xFF, 0x01, 0xFE, 0x01, 0xFF, 0x01, 0xBF, 0x13, 0xFF, 0x01, 0xFD, 0x38, 0xFF, 0x01, 0xBF,
    0x01, 0xDF, 0x13, 0xFF, 0x01, 0xFE, 0x15, 0xFF, 0x01, 0xBD, 0x01, 0xBF, 0x37, 0xFF, 0x01, 0xBF,
    0x16, 0xFF, 0x01, 0x7F, 0x4B, 0xFF, 0x01, 0x7F, 0x01, 0xBF, 0x02, 0xFF, 0x01, 0xFD, 0x12, 0xFF,
    0x01, 0xEF, 0x15, 0xFF, 0x01, 0xFB, 0x36, 0xFF, 0x01, 0x7F, 0x01, 0xBF, 0x15, 0xFF, 0x01, 0xEE,
    0x01, 0xDF, 0x13, 0xFF, 0x01, 0xBF, 0x01, 0xFF, 0x01, 0xBF, 0x33, 0xFF, 0x01, 0xEF, 0x02, 0xFF,
    0x01, 0xBF, 0x01, 0xFF, 0x01, 0x7F, 0x01, 0xDF, 0x11, 0xFF, 0x01, 0xFD, 0x01, 0xED, 0x16, 0xFF,
    0x01, 0xD7, 0x33, 0xFF, 0x01, 0xEF, 0x02, 0xFF, 0x01, 0xBF, 0x02, 0xFF, 0x01, 0xFB, 0x11, 0xFF,
    0x01, 0xFB, 0x01, 0xFD, 0x01, 0xFB, 0x13, 0xFF, 0x01, 0xBF, 0x63, 0xFF, 0x02, 0xFD, 0x34, 0xFF,
    0x01, 0xF7, 0x01, 0xFF, 0x01, 0xF7, 0x02, 0xFF, 0x01, 0x6F, 0x13, 0xFF, 0x01, 0xEF, 0x01, 0xFB,
    0x14, 0xFF, 0x01, 0xFD, 0x01, 0xEF, 0x35, 0xFF, 0x01, 0xFB, 0x02, 0xFF, 0x01, 0x7F, 0x13, 0xFF,
    0x01, 0xEF, 0x01, 0xFB, 0x14, 0xFF, 0x01, 0xFD, 0x01, 0xEF, 0xFF, 0xFF, 0xFF, 0xFF, 0xFF, 0xFF,
    0xFF, 0xFF, 0xFF, 0xFF, 0xFF, 0xFF, 0xFF, 0xFF, 0xFF, 0xFF, 0xFF, 0xFF, 0xFF, 0xFF, 0xFF, 0xFF,
    0xFF, 0xFF, 0xFF, 0xFF, 0xFF, 0xFF, 0xFF, 0xFF, 0xFF, 0xFF, 0xFF, 0xFF, 0xFF, 0xFF, 0xFF, 0xFF,
    0xFF, 0xFF, 0x8F, 0xFF,
};

const FrameAsset kServerStatus = {
    "server-status",
    800,
    480,
    {kServerStatusBlackRle, sizeof(kServerStatusBlackRle), 48000, 0x4D09D96Fu},
    {kServerStatusRedRle, sizeof(kServerStatusRedRle), 48000, 0xA872F7A5u},
};

}  // namespace inkdash::assets
